Motor_Frequency_Cmd_Hz;X_Axis_High_Freq_RMS_Acc_G;Z_Axis_High_Freq_RMS_Acc_G;X_Axis_RMS_Velocity_mm_sec;Z_Axis_RMS_Velocity_mm_sec;time_local
2,5;0;0;0;0;2021-08-18 06:31:00
47,4;0;0;0;0;2021-08-18 07:01:00
47,4;0;0;0;0;2021-08-18 07:31:00
47,4;0;0;0;0;2021-08-18 08:01:00
47,4;0;0;0;0;2021-08-18 08:31:00
47,4;0;0;0;0;2021-08-18 09:01:00
47,4;0;0;0;0;2021-08-18 09:31:00
47,4;0;0;0;0;2021-08-18 10:01:00
42,5;0;0;0;0;2021-08-18 11:31:00
42,5;0;0;0;0;2021-08-18 12:01:00
42,5;0;0;0;0;2021-08-18 12:31:00
42,5;0;0;0;0;2021-08-18 13:31:00
42,5;0;0;0;0;2021-08-18 14:02:00
42,5;0;0;0;0;2021-08-18 14:31:00
42,5;0;0;0;0;2021-08-18 15:01:00
42,5;0;0;0;0;2021-08-18 15:32:00
42,5;0;0;0;0;2021-08-18 16:01:00
42,5;0;0;0;0;2021-08-18 16:31:00
42,5;0;0;0;0;2021-08-18 17:01:00
42,5;0;0;0;0;2021-08-18 17:31:00
43,2;0;0;0;0;2021-08-18 18:31:00
43,2;0;0;0;0;2021-08-18 19:01:00
43,2;0;0;0;0;2021-08-18 19:32:00
43,2;0;0;0;0;2021-08-18 20:01:00
43,2;0;0;0;0;2021-08-18 20:31:00
43,2;0;0;0;0;2021-08-18 21:01:00
43,2;0;0;0;0;2021-08-18 21:31:00
43,2;0;0;0;0;2021-08-18 22:02:00
43,2;0;0;0;0;2021-08-18 22:31:00
43,2;0;0;0;0;2021-08-18 23:01:00
43,2;0;0;0;0;2021-08-18 23:31:00
43,2;0;0;0;0;2021-08-19 00:01:00
43,2;0;0;0;0;2021-08-19 00:31:00
43,2;0;0;0;0;2021-08-19 01:31:00
43,2;0;0;0;0;2021-08-19 02:01:00
43,2;0;0;0;0;2021-08-19 02:31:00
43,2;0;0;0;0;2021-08-19 03:01:00
43,2;0;0;0;0;2021-08-19 03:31:00
43,2;0;0;0;0;2021-08-19 04:04:00
43,2;0;0;0;0;2021-08-19 04:31:00
43,2;0;0;0;0;2021-08-19 05:01:00
43,2;0;0;0;0;2021-08-19 05:35:00
43,2;0;0;0;0;2021-08-19 06:01:00
43,2;0;0;0;0;2021-08-19 06:31:00
43,2;0;0;0;0;2021-08-19 07:01:00
43,2;0;0;0;0;2021-08-19 07:31:00
43,2;0;0;0;0;2021-08-19 08:01:00
43,2;0;0;0;0;2021-08-19 08:31:00
43,2;0;0;0;0;2021-08-19 09:01:00
43,2;0;0;0;0;2021-08-19 09:31:00
43,2;0;0;0;0;2021-08-19 10:01:00
43,2;0;0;0;0;2021-08-19 10:32:00
43,2;0;0;0;0;2021-08-19 11:01:00
43,2;0;0;0;0;2021-08-19 11:31:00
43,2;0;0;0;0;2021-08-19 12:01:00
43,2;0;0;0;0;2021-08-19 12:31:00
43,2;0;0;0;0;2021-08-19 13:01:00
43,2;0;0;0;0;2021-08-19 13:31:00
43,2;0;0;0;0;2021-08-19 14:01:00
47,4;0;0;0;0;2021-08-19 14:31:00
47,4;0;0;0;0;2021-08-19 15:01:00
47,4;0;0;0;0;2021-08-19 15:31:00
47,4;0;0;0;0;2021-08-19 16:01:00
47,4;0;0;0;0;2021-08-19 16:31:00
47,4;0;0;0;0;2021-08-19 17:01:00
45,5;0;0;0;0;2021-08-19 17:31:00
45,5;0;0;0;0;2021-08-19 18:01:00
46,2;0;0;0;0;2021-08-23 08:01:00
46,2;0;0;0;0;2021-08-23 08:31:00
46,2;0;0;0;0;2021-08-23 09:01:00
46,2;0;0;0;0;2021-08-23 09:31:00
46,2;0;0;0;0;2021-08-23 10:01:00
46,2;0;0;0;0;2021-08-23 10:31:00
46,2;0;0;0;0;2021-08-23 11:01:00
46,2;0;0;0;0;2021-08-23 11:31:00
46,2;0;0;0;0;2021-08-23 12:01:00
46,2;0;0;0;0;2021-08-23 12:31:00
46,2;0;0;0;0;2021-08-23 13:01:00
46,2;0;0;0;0;2021-08-23 13:31:00
46,2;0;0;0;0;2021-08-23 14:01:00
46,2;0;0;0;0;2021-08-23 14:31:00
46,2;0;0;0;0;2021-08-23 15:01:00
46,2;0;0;0;0;2021-08-23 15:31:00
46,2;0;0;0;0;2021-08-23 16:01:00
46,2;0;0;0;0;2021-08-23 16:31:00
46,2;0;0;0;0;2021-08-23 17:01:00
46,2;0;0;0;0;2021-08-23 17:31:00
46,2;0;0;0;0;2021-08-23 18:01:00
46,2;0;0;0;0;2021-08-23 18:31:00
46,2;0;0;0;0;2021-08-23 19:01:00
46,2;0;0;0;0;2021-08-23 19:31:00
46,2;0;0;0;0;2021-08-23 20:01:00
46,2;0;0;0;0;2021-08-23 20:31:00
46,2;0;0;0;0;2021-08-23 21:01:00
46,2;0;0;0;0;2021-08-23 21:31:00
46,2;0;0;0;0;2021-08-23 22:01:00
46,2;0;0;0;0;2021-08-23 22:31:00
46,2;0;0;0;0;2021-08-23 23:01:00
46,2;0;0;0;0;2021-08-23 23:31:00
46,2;0;0;0;0;2021-08-24 00:01:00
46,2;0;0;0;0;2021-08-24 00:31:00
46,2;0;0;0;0;2021-08-24 01:01:00
46,2;0;0;0;0;2021-08-24 01:31:00
46,2;0;0;0;0;2021-08-24 02:01:00
46,2;0;0;0;0;2021-08-24 02:31:00
46,2;0;0;0;0;2021-08-24 03:01:00
46,2;0;0;0;0;2021-08-24 03:31:00
46,2;0;0;0;0;2021-08-24 04:01:00
46,2;0;0;0;0;2021-08-24 04:31:00
46,2;0;0;0;0;2021-08-24 05:01:00
46,2;0;0;0;0;2021-08-24 05:31:00
46,2;0;0;0;0;2021-08-24 06:01:00
46,2;0;0;0;0;2021-08-24 06:31:00
46,2;0;0;0;0;2021-08-24 07:01:00
46,2;0;0;0;0;2021-08-24 07:31:00
46,2;0;0;0;0;2021-08-24 08:01:00
46,2;0;0;0;0;2021-08-24 08:31:00
46,2;0;0;0;0;2021-08-24 09:01:00
46,2;0;0;0;0;2021-08-24 09:31:00
46,2;0;0;0;0;2021-08-24 10:01:00
46,2;0;0;0;0;2021-08-24 10:31:00
46,2;0;0;0;0;2021-08-24 11:01:00
46,2;0;0;0;0;2021-08-24 11:31:00
46,2;0;0;0;0;2021-08-24 12:01:00
46,2;0;0;0;0;2021-08-24 12:31:00
46,2;0;0;0;0;2021-08-24 13:01:00
46,2;0;0;0;0;2021-08-24 13:31:00
46,2;0;0;0;0;2021-08-24 14:01:00
46,2;0;0;0;0;2021-08-24 14:31:00
46,2;0;0;0;0;2021-08-24 15:01:00
46,2;0;0;0;0;2021-08-24 15:31:00
44,4;0;0;0;0;2021-08-24 16:01:00
44,4;0;0;0;0;2021-08-24 16:31:00
44,4;0;0;0;0;2021-08-24 17:01:00
44,4;0;0;0;0;2021-08-24 17:31:00
44,4;0;0;0;0;2021-08-24 18:01:00
44,4;0;0;0;0;2021-08-24 18:31:00
42,5;0;0;0;0;2021-08-24 19:01:00
42,5;0;0;0;0;2021-08-24 19:31:00
42,5;0;0;0;0;2021-08-24 20:01:00
42,5;0;0;0;0;2021-08-24 20:31:00
42,5;0;0;0;0;2021-08-24 21:01:00
42,5;0;0;0;0;2021-08-24 21:31:00
42,5;0;0;0;0;2021-08-24 22:01:00
42,5;0;0;0;0;2021-08-24 22:31:00
42,5;0;0;0;0;2021-08-24 23:01:00
42,5;0;0;0;0;2021-08-24 23:31:00
42,5;0;0;0;0;2021-08-25 00:01:00
42,5;0;0;0;0;2021-08-25 00:31:00
42,5;0;0;0;0;2021-08-25 01:31:00
42,5;0;0;0;0;2021-08-25 02:01:00
42,5;0;0;0;0;2021-08-25 02:31:00
42,5;0;0;0;0;2021-08-25 03:01:00
42,5;0;0;0;0;2021-08-25 03:31:00
42,5;0;0;0;0;2021-08-25 04:01:00
42,5;0;0;0;0;2021-08-25 04:31:00
42,5;0;0;0;0;2021-08-25 05:01:00
42,5;0;0;0;0;2021-08-25 05:31:00
42,5;0;0;0;0;2021-08-25 06:01:00
42,5;0;0;0;0;2021-08-25 06:31:00
42,5;0;0;0;0;2021-08-25 07:01:00
42,5;0;0;0;0;2021-08-25 07:31:00
42,5;0;0;0;0;2021-08-25 08:01:00
42,5;0;0;0;0;2021-08-25 08:31:00
42,5;0;0;0;0;2021-08-25 09:01:00
42,5;0;0;0;0;2021-08-25 09:31:00
42,5;0;0;0;0;2021-08-25 10:01:00
42,5;0;0;0;0;2021-08-25 10:31:00
42,5;0;0;0;0;2021-08-25 11:01:00
42,5;0;0;0;0;2021-08-25 11:31:00
42,5;0;0;0;0;2021-08-25 12:01:00
42,5;0;0;0;0;2021-08-25 12:31:00
42,5;0;0;0;0;2021-08-25 13:01:00
42,5;0;0;0;0;2021-08-25 13:31:00
42,5;0;0;0;0;2021-08-25 14:01:00
42,5;0;0;0;0;2021-08-25 14:31:00
42,5;0;0;0;0;2021-08-25 15:01:00
42,5;0;0;0;0;2021-08-25 15:31:00
42,5;0;0;0;0;2021-08-25 16:01:00
42,5;0;0;0;0;2021-08-25 16:31:00
42,5;0;0;0;0;2021-08-25 17:01:00
42,5;0;0;0;0;2021-08-25 17:31:00
42,5;0;0;0;0;2021-08-25 18:01:00
42,5;0;0;0;0;2021-08-25 18:31:00
42,5;0;0;0;0;2021-08-25 19:01:00
42,5;0;0;0;0;2021-08-25 19:31:00
42,5;0;0;0;0;2021-08-25 20:01:00
42,5;0;0;0;0;2021-08-25 20:31:00
42,5;0;0;0;0;2021-08-25 21:02:00
42,5;0;0;0;0;2021-08-25 21:31:00
42,5;0;0;0;0;2021-08-25 22:01:00
42,5;0;0;0;0;2021-08-25 22:31:00
42,5;0;0;0;0;2021-08-25 23:01:00
42,5;0;0;0;0;2021-08-25 23:31:00
42,5;0;0;0;0;2021-08-26 00:01:00
43,2;0;0;0;0;2021-08-26 00:32:00
43,2;0;0;0;0;2021-08-26 01:01:00
43,2;0;0;0;0;2021-08-26 01:32:00
43,2;0;0;0;0;2021-08-26 02:01:00
43,2;0;0;0;0;2021-08-26 02:31:00
43,2;0;0;0;0;2021-08-26 03:02:00
43,2;0;0;0;0;2021-08-26 03:31:00
43,2;0;0;0;0;2021-08-26 04:02:00
43,2;0;0;0;0;2021-08-26 04:31:00
43,2;0;0;0;0;2021-08-26 05:01:00
43,2;0;0;0;0;2021-08-26 05:31:00
43,2;0;0;0;0;2021-08-26 06:03:00
43,2;0;0;0;0;2021-08-26 06:31:00
43,2;0;0;0;0;2021-08-26 07:01:00
43,2;0;0;0;0;2021-08-26 07:32:00
43,2;0;0;0;0;2021-08-26 08:01:00
43,2;0;0;0;0;2021-08-26 08:31:00
43,2;0;0;0;0;2021-08-26 09:01:00
43,2;0;0;0;0;2021-08-26 09:31:00
43,2;0;0;0;0;2021-08-26 10:01:00
43,2;0;0;0;0;2021-08-26 10:31:00
43,2;0;0;0;0;2021-08-26 11:01:00
43,2;0;0;0;0;2021-08-26 11:31:00
46,2;0;0;0;0;2021-08-26 12:01:00
46,2;0;0;0;0;2021-08-26 12:31:00
46,2;0;0;0;0;2021-08-26 13:01:00
46,2;0;0;0;0;2021-08-26 13:31:00
46,2;0;0;0;0;2021-08-26 14:01:00
46,2;0;0;0;0;2021-08-26 14:31:00
46,2;0;0;0;0;2021-08-26 15:01:00
46,2;0;0;0;0;2021-08-26 15:31:00
46,2;0;0;0;0;2021-08-26 16:01:00
46,2;0;0;0;0;2021-08-26 16:31:00
46,2;0;0;0;0;2021-08-26 17:01:00
46,2;0;0;0;0;2021-08-26 17:31:00
46,2;0;0;0;0;2021-08-26 18:01:00
46,2;0;0;0;0;2021-08-26 18:31:00
46,2;0;0;0;0;2021-08-26 19:01:00
46,2;0;0;0;0;2021-08-26 19:31:00
46,2;0;0;0;0;2021-08-26 20:01:00
46,2;0;0;0;0;2021-08-26 20:31:00
46,2;0;0;0;0;2021-08-26 21:01:00
46,2;0;0;0;0;2021-08-26 21:33:00
46,2;0;0;0;0;2021-08-26 22:02:00
46,2;0;0;0;0;2021-08-26 22:33:00
46,2;0;0;0;0;2021-08-26 23:06:00
46,2;0;0;0;0;2021-08-26 23:31:00
46,2;0;0;0;0;2021-08-27 00:09:00
46,2;0;0;0;0;2021-08-27 00:31:00
46,2;0;0;0;0;2021-08-27 01:01:00
46,2;0;0;0;0;2021-08-27 01:32:00
46,2;0;0;0;0;2021-08-27 02:31:00
46,2;0;0;0;0;2021-08-27 03:01:00
46,2;0;0;0;0;2021-08-27 03:31:00
46,2;0;0;0;0;2021-08-27 04:02:00
46,2;0;0;0;0;2021-08-27 04:39:00
46,2;0;0;0;0;2021-08-27 05:01:00
46,2;0;0;0;0;2021-08-27 05:32:00
46,2;0;0;0;0;2021-08-27 06:02:00
46,2;0;0;0;0;2021-08-27 06:31:00
46,2;0;0;0;0;2021-08-27 07:31:00
46,2;0;0;0;0;2021-08-27 10:01:00
46,2;0;0;0;0;2021-08-27 10:31:00
46,2;0;0;0;0;2021-08-27 11:01:00
46,2;0;0;0;0;2021-08-27 11:35:00
46,2;0;0;0;0;2021-08-27 12:01:00
46,2;0;0;0;0;2021-08-27 12:39:00
46,2;0;0;0;0;2021-08-27 13:01:00
46,2;0;0;0;0;2021-08-27 13:31:00
46,2;0;0;0;0;2021-08-27 14:01:00
46,2;0;0;0;0;2021-08-27 14:31:00
46,2;0;0;0;0;2021-08-27 15:01:00
46,2;0;0;0;0;2021-08-27 15:31:00
46,2;0;0;0;0;2021-08-27 16:01:00
46,2;0;0;0;0;2021-08-27 16:31:00
46,2;0;0;0;0;2021-08-27 17:01:00
46,2;0;0;0;0;2021-08-27 17:31:00
46,2;0;0;0;0;2021-08-27 18:01:00
46,2;0;0;0;0;2021-08-27 18:33:00
46,2;0;0;0;0;2021-08-27 19:01:00
46,2;0;0;0;0;2021-08-27 20:06:00
46,2;0;0;0;0;2021-08-27 21:01:00
46,2;0;0;0;0;2021-08-27 21:31:00
46,2;0;0;0;0;2021-08-27 22:01:00
46,2;0;0;0;0;2021-08-27 22:31:00
46,2;0;0;0;0;2021-08-27 23:01:00
46,2;0;0;0;0;2021-08-27 23:31:00
46,2;0;0;0;0;2021-08-28 00:08:00
46,2;0;0;0;0;2021-08-28 00:31:00
46,2;0;0;0;0;2021-08-28 01:01:00
46,2;0;0;0;0;2021-08-28 01:31:00
46,2;0;0;0;0;2021-08-28 02:01:00
45,5;0;0;0;0;2021-08-28 02:31:00
45,5;0;0;0;0;2021-08-28 03:31:00
45,5;0;0;0;0;2021-08-28 04:01:00
45,5;0;0;0;0;2021-08-28 04:31:00
45,5;0;0;0;0;2021-08-28 05:01:00
45,5;0;0;0;0;2021-08-28 05:31:00
45,5;0;0;0;0;2021-08-28 06:31:00
45,5;0;0;0;0;2021-08-28 07:01:00
45,5;0;0;0;0;2021-08-28 07:31:00
45,5;0;0;0;0;2021-08-28 08:01:00
42,5;0;0;0;0;2021-08-30 09:01:00
42,5;0;0;0;0;2021-08-30 09:31:00
42,5;0;0;0;0;2021-08-30 10:01:00
42,5;0;0;0;0;2021-08-30 10:31:00
42,5;0;0;0;0;2021-08-30 11:01:00
42,5;0;0;0;0;2021-08-30 11:31:00
42,5;0;0;0;0;2021-08-30 12:01:00
42,5;0;0;0;0;2021-08-30 12:31:00
44,4;0;0;0;0;2021-08-30 13:01:00
44,4;0;0;0;0;2021-08-30 13:31:00
44,4;0;0;0;0;2021-08-30 14:01:00
44,4;0;0;0;0;2021-08-30 14:31:00
44,4;0;0;0;0;2021-08-30 15:01:00
44,4;0;0;0;0;2021-08-30 15:31:00
44,4;0;0;0;0;2021-08-30 16:01:00
42,5;0;0;0;0;2021-08-30 16:31:00
42,5;0;0;0;0;2021-08-30 17:01:00
41,8;0;0;0;0;2021-08-30 17:31:00
41,8;0;0;0;0;2021-08-30 18:01:00
41,8;0;0;0;0;2021-08-30 18:31:00
41,8;0;0;0;0;2021-08-30 19:01:00
41,8;0;0;0;0;2021-08-30 19:31:00
41,8;0;0;0;0;2021-08-30 20:01:00
41,8;0;0;0;0;2021-08-30 20:31:00
41,8;0;0;0;0;2021-08-30 21:01:00
41,8;0;0;0;0;2021-08-30 21:31:00
41,8;0;0;0;0;2021-08-30 22:01:00
41,8;0;0;0;0;2021-08-30 22:31:00
41,8;0;0;0;0;2021-08-30 23:01:00
41,8;0;0;0;0;2021-08-30 23:31:00
41,8;0;0;0;0;2021-08-31 00:01:00
41,8;0;0;0;0;2021-08-31 00:31:00
41,8;0;0;0;0;2021-08-31 01:01:00
41,8;0;0;0;0;2021-08-31 01:31:00
41,8;0;0;0;0;2021-08-31 02:01:00
41,8;0;0;0;0;2021-08-31 02:31:00
41,8;0;0;0;0;2021-08-31 03:01:00
41,8;0;0;0;0;2021-08-31 03:31:00
41,8;0;0;0;0;2021-08-31 04:01:00
41,8;0;0;0;0;2021-08-31 04:31:00
41,8;0;0;0;0;2021-08-31 05:01:00
41,8;0;0;0;0;2021-08-31 05:31:00
41,8;0;0;0;0;2021-08-31 06:01:00
41,8;0;0;0;0;2021-08-31 06:31:00
41,8;0;0;0;0;2021-08-31 07:01:00
41,8;0;0;0;0;2021-08-31 07:31:00
41,8;0;0;0;0;2021-08-31 08:01:00
41,8;0;0;0;0;2021-08-31 08:31:00
41,8;0;0;0;0;2021-08-31 09:01:00
41,8;0;0;0;0;2021-08-31 09:31:00
41,8;0;0;0;0;2021-08-31 10:01:00
41,8;0;0;0;0;2021-08-31 10:31:00
41,8;0;0;0;0;2021-08-31 11:01:00
41,8;0;0;0;0;2021-08-31 11:31:00
41,8;0;0;0;0;2021-08-31 12:01:00
41,8;0;0;0;0;2021-08-31 12:31:00
41,8;0;0;0;0;2021-08-31 13:01:00
41,8;0;0;0;0;2021-08-31 13:31:00
41,8;0;0;0;0;2021-08-31 14:01:00
41,8;0;0;0;0;2021-08-31 14:31:00
41,8;0;0;0;0;2021-08-31 15:01:00
41,8;0;0;0;0;2021-08-31 15:31:00
41,8;0;0;0;0;2021-08-31 16:01:00
41,8;0;0;0;0;2021-08-31 16:31:00
41,8;0;0;0;0;2021-08-31 18:01:00
41,8;0;0;0;0;2021-08-31 19:01:00
41,8;0;0;0;0;2021-08-31 19:31:00
41,8;0;0;0;0;2021-08-31 20:32:00
41,8;0;0;0;0;2021-08-31 22:32:00
41,8;0;0;0;0;2021-08-31 23:39:00
41,8;0;0;0;0;2021-09-01 01:01:00
41,8;0;0;0;0;2021-09-01 01:32:00
41,8;0;0;0;0;2021-09-01 02:39:00
41,8;0;0;0;0;2021-09-01 03:01:00
41,8;0;0;0;0;2021-09-01 03:31:00
41,8;0;0;0;0;2021-09-01 04:31:00
41,8;0;0;0;0;2021-09-01 05:31:00
41,8;0;0;0;0;2021-09-01 06:31:00
41,8;0;0;0;0;2021-09-01 07:32:00
41,8;0;0;0;0;2021-09-01 08:02:00
41,8;0;0;0;0;2021-09-01 08:37:00
41,8;0;0;0;0;2021-09-01 09:01:00
41,8;0;0;0;0;2021-09-01 10:39:00
41,8;0;0;0;0;2021-09-01 11:10:00
41,8;0;0;0;0;2021-09-01 11:31:00
41,8;0;0;0;0;2021-09-01 13:01:00
41,8;0;0;0;0;2021-09-01 13:31:00
41,8;0;0;0;0;2021-09-01 14:31:00
41,8;0;0;0;0;2021-09-01 15:01:00
41,8;0;0;0;0;2021-09-01 15:31:00
41,8;0;0;0;0;2021-09-01 16:01:00
41,8;0;0;0;0;2021-09-01 16:31:00
41,8;0;0;0;0;2021-09-01 17:01:00
41,8;0;0;0;0;2021-09-01 17:31:00
41,8;0;0;0;0;2021-09-01 19:01:00
41,8;0;0;0;0;2021-09-01 20:35:00
41,8;0;0;0;0;2021-09-01 21:01:00
41,8;0;0;0;0;2021-09-01 21:31:00
41,8;0;0;0;0;2021-09-01 22:01:00
41,8;0;0;0;0;2021-09-01 22:31:00
41,8;0;0;0;0;2021-09-01 23:01:00
41,8;0;0;0;0;2021-09-01 23:31:00
41,8;0;0;0;0;2021-09-02 00:01:00
41,8;0;0;0;0;2021-09-02 01:01:00
41,8;0;0;0;0;2021-09-02 01:31:00
41,8;0;0;0;0;2021-09-02 02:01:00
41,8;0;0;0;0;2021-09-02 03:01:00
41,8;0;0;0;0;2021-09-02 03:31:00
41,8;0;0;0;0;2021-09-02 04:09:00
41,8;0;0;0;0;2021-09-02 04:32:00
41,8;0;0;0;0;2021-09-02 05:07:00
41,8;0;0;0;0;2021-09-02 05:31:00
41,8;0;0;0;0;2021-09-02 06:01:00
41,8;0;0;0;0;2021-09-02 06:31:00
41,8;0;0;0;0;2021-09-02 07:01:00
41,8;0;0;0;0;2021-09-02 07:38:00
41,8;0;0;0;0;2021-09-02 08:01:00
41,8;0;0;0;0;2021-09-02 08:32:00
41,8;0;0;0;0;2021-09-02 09:02:00
41,8;0;0;0;0;2021-09-02 09:38:00
41,8;0;0;0;0;2021-09-02 10:31:00
41,8;0;0;0;0;2021-09-02 11:01:00
41,8;0;0;0;0;2021-09-02 12:31:00
41,8;0;0;0;0;2021-09-02 13:01:00
41,8;0;0;0;0;2021-09-02 13:31:00
41,8;0;0;0;0;2021-09-02 14:01:00
41,8;0;0;0;0;2021-09-02 14:31:00
41,8;0;0;0;0;2021-09-02 15:01:00
41,8;0;0;0;0;2021-09-02 15:31:00
41,8;0;0;0;0;2021-09-02 16:01:00
41,8;0;0;0;0;2021-09-02 16:31:00
41,8;0;0;0;0;2021-09-02 17:01:00
41,8;0;0;0;0;2021-09-02 17:31:00
41,8;0;0;0;0;2021-09-02 18:01:00
41,8;0;0;0;0;2021-09-02 18:31:00
41,8;0;0;0;0;2021-09-02 19:01:00
41,8;0;0;0;0;2021-09-02 19:31:00
41,8;0;0;0;0;2021-09-02 20:01:00
41,8;0;0;0;0;2021-09-02 20:31:00
41,8;0;0;0;0;2021-09-02 21:01:00
41,8;0;0;0;0;2021-09-02 21:31:00
41,8;0;0;0;0;2021-09-02 22:01:00
41,8;0;0;0;0;2021-09-02 22:31:00
41,8;0;0;0;0;2021-09-02 23:01:00
41,8;0;0;0;0;2021-09-02 23:31:00
41,8;0;0;0;0;2021-09-03 00:01:00
41,8;0;0;0;0;2021-09-03 00:31:00
41,8;0;0;0;0;2021-09-03 01:01:00
41,8;0;0;0;0;2021-09-03 01:31:00
41,8;0;0;0;0;2021-09-03 02:01:00
41,8;0;0;0;0;2021-09-03 02:31:00
41,8;0;0;0;0;2021-09-03 03:01:00
41,8;0;0;0;0;2021-09-03 03:31:00
40,6;0;0;0;0;2021-09-03 04:01:00
40,6;0;0;0;0;2021-09-03 04:31:00
40,6;0;0;0;0;2021-09-03 05:01:00
40,6;0;0;0;0;2021-09-03 05:31:00
40,6;0;0;0;0;2021-09-03 06:01:00
40,6;0;0;0;0;2021-09-03 06:31:00
40,6;0;0;0;0;2021-09-03 07:01:00
40,6;0;0;0;0;2021-09-03 07:31:00
40,6;0;0;0;0;2021-09-03 08:01:00
40,6;0;0;0;0;2021-09-03 08:31:00
40,6;0;0;0;0;2021-09-03 09:01:00
40,6;0;0;0;0;2021-09-03 09:31:00
40,6;0;0;0;0;2021-09-03 10:01:00
40,6;0;0;0;0;2021-09-03 10:31:00
40,6;0;0;0;0;2021-09-03 11:01:00
40,6;0;0;0;0;2021-09-03 11:31:00
40,6;0;0;0;0;2021-09-03 12:01:00
40,6;0;0;0;0;2021-09-03 12:31:00
40,6;0;0;0;0;2021-09-03 13:01:00
40,6;0;0;0;0;2021-09-03 13:31:00
40,6;0;0;0;0;2021-09-03 14:01:00
40,6;0;0;0;0;2021-09-03 14:31:00
40,6;0;0;0;0;2021-09-03 15:01:00
40,6;0;0;0;0;2021-09-03 15:31:00
40,6;0;0;0;0;2021-09-03 16:01:00
40,6;0;0;0;0;2021-09-03 16:31:00
40,6;0;0;0;0;2021-09-03 17:01:00
40,6;0;0;0;0;2021-09-03 17:31:00
40,6;0;0;0;0;2021-09-03 18:01:00
40,6;0;0;0;0;2021-09-03 18:31:00
40,6;0;0;0;0;2021-09-03 19:01:00
40,6;0;0;0;0;2021-09-03 19:31:00
40,6;0;0;0;0;2021-09-03 20:01:00
40,6;0;0;0;0;2021-09-03 20:31:00
40,6;0;0;0;0;2021-09-03 21:01:00
40,6;0;0;0;0;2021-09-03 21:31:00
40,6;0;0;0;0;2021-09-03 22:01:00
40,6;0;0;0;0;2021-09-03 22:31:00
40,6;0;0;0;0;2021-09-03 23:01:00
40,6;0;0;0;0;2021-09-03 23:31:00
40,6;0;0;0;0;2021-09-04 00:01:00
40,6;0;0;0;0;2021-09-04 00:31:00
40,6;0;0;0;0;2021-09-04 01:01:00
40,6;0;0;0;0;2021-09-04 01:31:00
40,6;0;0;0;0;2021-09-04 02:01:00
40,6;0;0;0;0;2021-09-04 02:31:00
40,6;0;0;0;0;2021-09-04 03:01:00
40,6;0;0;0;0;2021-09-04 03:31:00
40,6;0;0;0;0;2021-09-04 04:01:00
40,6;0;0;0;0;2021-09-04 05:31:00
40,6;0;0;0;0;2021-09-04 06:01:00
40,6;0;0;0;0;2021-09-04 07:01:00
40,6;0;0;0;0;2021-09-04 08:39:00
40,6;0;0;0;0;2021-09-04 10:10:00
40,6;0;0;0;0;2021-09-04 10:32:00
40,6;0;0;0;0;2021-09-04 12:02:00
40,6;0;0;0;0;2021-09-04 13:01:00
40,6;0;0;0;0;2021-09-04 14:01:00
40,6;0;0;0;0;2021-09-04 16:02:00
40,6;0;0;0;0;2021-09-04 17:01:00
40,6;0;0;0;0;2021-09-04 17:31:00
40,6;0;0;0;0;2021-09-04 18:31:00
40,6;0;0;0;0;2021-09-04 19:01:00
40,6;0;0;0;0;2021-09-04 19:32:00
40,6;0;0;0;0;2021-09-04 20:03:00
40,6;0;0;0;0;2021-09-04 21:01:00
40,6;0;0;0;0;2021-09-04 21:32:00
50;0;0;0;0;2021-09-15 17:31:00
50;0;0;0;0;2021-09-15 18:31:00
50;0;0;0;0;2021-09-15 19:01:00
50;0;0;0;0;2021-09-15 19:31:00
50;0;0;0;0;2021-09-15 20:01:00
50;0;0;0;0;2021-09-15 20:31:00
50;0;0;0;0;2021-09-15 21:01:00
50;0;0;0;0;2021-09-15 21:31:00
50;0;0;0;0;2021-09-15 22:01:00
50;0;0;0;0;2021-09-15 22:31:00
50;0;0;0;0;2021-09-15 23:01:00
50;0;0;0;0;2021-09-16 00:01:00
50;0;0;0;0;2021-09-16 01:01:00
50;0;0;0;0;2021-09-16 01:31:00
50;0;0;0;0;2021-09-16 02:01:00
50;0;0;0;0;2021-09-16 02:31:00
50;0;0;0;0;2021-09-16 03:01:00
50;0;0;0;0;2021-09-16 03:31:00
50;0;0;0;0;2021-09-16 04:01:00
50;0;0;0;0;2021-09-16 04:31:00
50;0;0;0;0;2021-09-16 05:01:00
50;0;0;0;0;2021-09-16 05:31:00
50;0;0;0;0;2021-09-16 06:01:00
50;0;0;0;0;2021-09-16 06:31:00
50;0;0;0;0;2021-09-16 07:01:00
50;0;0;0;0;2021-09-16 07:31:00
50;0;0;0;0;2021-09-16 08:01:00
50;0;0;0;0;2021-09-16 08:31:00
50;0;0;0;0;2021-09-16 09:01:00
50;0;0;0;0;2021-09-16 09:31:00
500;0,59;0,38;0,77;0,41;2021-09-16 15:49:00
500;0,6;0,38;0,82;0,5;2021-09-16 15:49:00
500;0,6;0,37;0,95;0,48;2021-09-16 15:49:00
50;0,59;0,38;0,84;0,54;2021-09-16 15:50:00
50;0,59;0,38;1,04;0,49;2021-09-16 15:55:00
50;0,6;0,38;0,84;0,47;2021-09-16 15:55:00
50;0,6;0,37;0,81;0,47;2021-09-16 15:55:00
50;0,59;0,38;0,86;0,45;2021-09-16 15:55:00
50;0,6;0,38;0,88;0,47;2021-09-16 15:56:00
50;0,6;0,38;0,65;0,44;2021-09-16 15:56:00
50;0,6;0,37;0,91;0,49;2021-09-16 15:56:00
50;0,59;0,37;0,75;0,55;2021-09-16 15:58:00
50;0,58;0,37;0,84;0,49;2021-09-16 15:58:00
50;0,57;0,38;0,9;0,43;2021-09-16 17:31:00
50;0,59;0,38;0,93;0,39;2021-09-16 18:01:00
50;0,59;0,37;0,87;0,47;2021-09-16 18:31:00
50;0,59;0,39;0,93;0,53;2021-09-16 19:01:00
50;0,61;0,38;0,77;0,51;2021-09-16 19:31:00
50;0,6;0,37;0,78;0,42;2021-09-16 20:01:00
50;0,6;0,38;0,86;0,4;2021-09-16 21:01:00
50;0,61;0,38;0,86;0,45;2021-09-16 21:31:00
50;0,63;0,4;0,92;0,45;2021-09-16 22:01:00
50;0,62;0,39;0,98;0,48;2021-09-16 22:31:00
50;0,61;0,38;0,93;0,48;2021-09-16 23:01:00
50;0,6;0,38;0,89;0,49;2021-09-16 23:31:00
50;0,61;0,39;0,76;0,57;2021-09-17 00:01:00
50;0,59;0,41;0,84;0,47;2021-09-17 00:31:00
50;0,63;0,41;0,81;0,55;2021-09-17 01:01:00
50;0,62;0,42;0,96;0,45;2021-09-17 01:31:00
50;0,63;0,42;0,92;0,63;2021-09-17 02:01:00
50;0,64;0,41;0,9;0,86;2021-09-17 02:31:00
50;0,62;0,41;0,8;0,37;2021-09-17 03:01:00
50;0,63;0,41;0,81;0,52;2021-09-17 03:31:00
50;0,62;0,41;0,87;0,56;2021-09-17 04:01:00
50;0,61;0,4;0,82;0,48;2021-09-17 04:31:00
50;0,61;0,41;0,97;0,52;2021-09-17 05:01:00
50;0,63;0,41;1,12;0,81;2021-09-17 05:31:00
50;0,61;0,41;0,73;0,45;2021-09-17 06:01:00
50;0,63;0,4;0,94;0,44;2021-09-17 06:31:00
50;0,62;0,41;0,86;0,48;2021-09-17 07:01:00
50;0,62;0,41;0,85;0,47;2021-09-17 07:31:00
50;0,62;0,41;0,74;0,49;2021-09-17 08:01:00
50;0,62;0,4;0,75;0,59;2021-09-17 08:31:00
50;0,64;0,39;0,73;0,44;2021-09-17 09:01:00
50;0,65;0,39;0,83;0,6;2021-09-17 09:31:00
50;0,64;0,4;0,79;0,54;2021-09-17 10:01:00
50;0,64;0,38;0,88;0,51;2021-09-17 10:31:00
50;0,64;0,38;0,82;0,52;2021-09-17 11:01:00
50;0,64;0,36;0,79;0,71;2021-09-17 11:31:00
50;0,63;0,37;0,77;0,69;2021-09-17 12:01:00
50;0,62;0,39;0,92;0,57;2021-09-17 12:31:00
50;0,63;0,37;0,79;0,69;2021-09-17 13:01:00
50;0,63;0,37;0,87;0,47;2021-09-17 13:31:00
50;0,62;0,35;0,7;1,28;2021-09-17 14:01:00
50;0,62;0,35;0,73;0,48;2021-09-17 14:31:00
50;0,63;0,35;0,71;0,5;2021-09-17 15:01:00
50;0,59;0,35;0,65;0,46;2021-09-17 15:31:00
50;0,59;0,36;0,83;0,47;2021-09-17 16:01:00
50;0,61;0,36;0,8;0,47;2021-09-17 16:31:00
50;0,6;0,37;0,81;0,43;2021-09-17 17:01:00
50;0,59;0,37;0,74;0,44;2021-09-17 17:31:00
50;0,66;0,39;0,86;0,47;2021-09-20 11:31:00
50;0,69;0,39;1,01;0,59;2021-09-20 12:01:00
50;0,67;0,38;0,8;0,47;2021-09-20 12:31:00
50;0,66;0,39;0,71;0,37;2021-09-20 13:01:00
50;0,68;0,37;0,93;0,67;2021-09-20 13:31:00
50;0,64;0,39;0,75;0,49;2021-09-20 14:01:00
50;0,63;0,38;0,87;0,45;2021-09-20 14:31:00
50;0,64;0,37;0,74;0,47;2021-09-20 15:01:00
50;0,62;0,38;0,82;0,49;2021-09-20 15:31:00
50;0,62;0,38;0,76;0,4;2021-09-20 16:01:00
50;0,63;0,39;0,77;0,46;2021-09-20 16:31:00
50;0,63;0,38;0,85;0,38;2021-09-20 17:01:00
50;0,64;0,38;0,92;0,47;2021-09-20 17:31:00
50;0,63;0,38;0,87;0,48;2021-09-20 18:01:00
50;0,65;0,4;0,73;0,45;2021-09-20 19:01:00
50;0,63;0,4;1,09;0,44;2021-09-20 19:31:00
50;0,61;0,39;1,04;0,52;2021-09-20 20:01:00
50;0,63;0,41;0,78;0,52;2021-09-20 20:31:00
50;0,64;0,41;1,01;0,52;2021-09-20 21:01:00
50;0,64;0,42;0,89;0,52;2021-09-20 21:31:00
50;0,66;0,42;0,95;0,47;2021-09-20 22:01:00
50;0,65;0,44;0,83;0,47;2021-09-20 22:31:00
50;0,66;0,42;1,22;0,51;2021-09-20 23:01:00
50;0,68;0,43;0,85;0,43;2021-09-20 23:31:00
50;0,67;0,43;0,75;0,57;2021-09-21 00:01:00
50;0,68;0,44;1,21;1,28;2021-09-21 00:31:00
50;0,66;0,42;0,87;0,47;2021-09-21 01:01:00
50;0,66;0,43;0,79;0,54;2021-09-21 01:31:00
50;0,65;0,41;0,77;0,52;2021-09-21 02:01:00
44,4;0,63;0,41;0,5;0,42;2021-09-21 02:31:00
44,4;0,64;0,42;0,58;0,41;2021-09-21 03:01:00
44,4;0,63;0,42;0,61;0,47;2021-09-21 03:31:00
44,4;0,62;0,42;0,58;0,47;2021-09-21 04:01:00
44,4;0,62;0,42;0,69;0,39;2021-09-21 04:31:00
44,4;0,62;0,42;0,64;0,37;2021-09-21 05:01:00
44,4;0,61;0,42;0,51;0,47;2021-09-21 05:31:00
44,4;0,58;0,41;0,51;0,48;2021-09-21 06:01:00
44,4;0,58;0,41;0,68;0,42;2021-09-21 06:31:00
44,4;0,57;0,41;0,68;0,42;2021-09-21 07:01:00
44,4;0,57;0,41;0,59;0,37;2021-09-21 07:31:00
44,4;0,57;0,41;0,57;0,47;2021-09-21 08:01:00
44,4;0,59;0,41;0,6;0,34;2021-09-21 08:31:00
44,4;0,59;0,41;0,65;0,38;2021-09-21 09:01:00
44,4;0,59;0,42;0,62;0,41;2021-09-21 09:31:00
44,4;0,59;0,41;0,63;0,3;2021-09-21 10:01:00
44,4;0,6;0,41;0,62;0,44;2021-09-21 10:31:00
44,4;0,59;0,4;0,67;0,6;2021-09-21 11:01:00
44,4;0,6;0,4;0,62;0,42;2021-09-21 11:31:00
44,4;0,6;0,4;0,6;0,45;2021-09-21 12:01:00
44,4;0,62;0,41;0,62;0,38;2021-09-21 12:31:00
44,4;0,63;0,41;0,65;0,41;2021-09-21 13:01:00
46,6;0,59;0,4;0,71;0,37;2021-09-21 13:31:00
46,6;0,59;0,39;0,69;0,42;2021-09-21 14:01:00
46,6;0,58;0,38;0,81;0,41;2021-09-21 14:31:00
46,6;0,57;0,39;0,64;0,44;2021-09-21 15:01:00
46,6;0,57;0,38;0,62;0,4;2021-09-21 15:31:00
46,6;0,57;0,38;0,84;0,58;2021-09-21 16:01:00
46,6;0,57;0,37;0,61;0,36;2021-09-21 16:31:00
46,6;0,57;0,38;0,7;0,45;2021-09-21 17:01:00
46,6;0,56;0,38;0,59;0,42;2021-09-21 17:31:00
46,6;0,57;0,38;0,71;0,44;2021-09-21 18:01:00
46,6;0,57;0,38;0,75;0,39;2021-09-21 18:31:00
46,6;0,57;0,4;0,6;0,37;2021-09-21 19:01:00
46,6;0,56;0,39;0,77;0,43;2021-09-21 19:31:00
46,6;0,56;0,39;0,75;0,46;2021-09-21 20:01:00
46,6;0,56;0,4;0,55;0,38;2021-09-21 20:31:00
46,6;0,56;0,39;0,68;0,41;2021-09-21 21:01:00
46,6;0,56;0,39;0,8;0,47;2021-09-21 21:31:00
46,6;0,57;0,39;0,66;0,48;2021-09-21 22:01:00
46,6;0,56;0,39;0,71;0,38;2021-09-21 22:31:00
46,6;0,57;0,4;0,75;0,56;2021-09-21 23:01:00
46,6;0,57;0,39;0,83;0,41;2021-09-21 23:31:00
46,6;0,57;0,4;0,63;0,43;2021-09-22 00:01:00
46,6;0,57;0,4;0,75;0,39;2021-09-22 00:31:00
46,6;0,54;0,39;0,65;0,48;2021-09-22 01:01:00
46,6;0,56;0,4;0,63;0,37;2021-09-22 01:31:00
46,6;0,57;0,41;0,67;0,39;2021-09-22 02:01:00
46,6;0,56;0,41;0,77;0,3;2021-09-22 02:31:00
46,6;0,55;0,41;0,79;0,39;2021-09-22 03:01:00
46,6;0,55;0,41;0,74;0,46;2021-09-22 03:31:00
46,6;0,56;0,4;0,7;0,44;2021-09-22 04:01:00
46,6;0,6;0,42;0,63;0,38;2021-09-22 04:31:00
46,6;0,59;0,41;0,69;0,5;2021-09-22 05:01:00
46,6;0,58;0,41;0,66;0,36;2021-09-22 05:31:00
46,6;0,57;0,41;0,7;0,51;2021-09-22 06:01:00
46,6;0,56;0,4;0,69;0,39;2021-09-22 06:31:00
46,6;0,57;0,4;0,8;0,45;2021-09-22 07:01:00
46,6;0,54;0,4;0,76;0,57;2021-09-22 07:31:00
46,6;0,55;0,4;0,69;0,47;2021-09-22 08:01:00
46,6;0,57;0,4;0,66;0,32;2021-09-22 08:31:00
46,6;0,58;0,4;0,61;0,34;2021-09-22 09:01:00
46,6;0,57;0,41;0,75;0,47;2021-09-22 09:31:00
46,6;0,56;0,4;0,8;0,39;2021-09-22 10:01:00
46,6;0,57;0,4;0,71;0,41;2021-09-22 10:31:00
46,6;0,57;0,39;0,68;0,4;2021-09-22 11:01:00
46,6;0,56;0,39;0,66;0,41;2021-09-22 11:31:00
46,6;0,58;0,4;0,65;0,38;2021-09-22 12:01:00
46,6;0,56;0,39;0,66;0,35;2021-09-22 12:31:00
46,6;0,58;0,39;0,66;0,41;2021-09-22 13:01:00
46,6;0,58;0,39;0,69;0,4;2021-09-22 13:31:00
46,6;0,59;0,38;0,56;0,39;2021-09-22 14:01:00
46,6;0,6;0,38;0,8;0,44;2021-09-22 14:31:00
46,6;0,6;0,37;0,63;0,4;2021-09-22 15:01:00
46,6;0,57;0,37;0,74;0,51;2021-09-22 15:31:00
46,6;0,58;0,38;0,76;0,43;2021-09-22 16:01:00
46,6;0,57;0,38;0,63;0,42;2021-09-22 16:31:00
46,6;0,56;0,37;0,66;0,4;2021-09-22 17:01:00
46,6;0,57;0,38;0,63;0,46;2021-09-22 17:31:00
46,6;0,58;0,38;0,73;0,41;2021-09-22 18:01:00
46,6;0,56;0,38;0,69;0,5;2021-09-22 18:31:00
46,6;0,57;0,39;0,63;0,41;2021-09-22 19:01:00
46,6;0,56;0,38;0,79;0,38;2021-09-22 19:31:00
46,6;0,56;0,38;0,69;0,4;2021-09-22 20:01:00
46,6;0,56;0,39;0,75;0,43;2021-09-22 20:31:00
46,6;0,56;0,39;0,74;0,48;2021-09-22 21:01:00
46,6;0,58;0,39;0,63;0,42;2021-09-22 21:31:00
46,6;0,58;0,4;0,68;0,34;2021-09-22 22:01:00
46,6;0,57;0,4;0,7;0,37;2021-09-22 22:31:00
46,6;0,57;0,39;0,67;0,35;2021-09-22 23:01:00
46,6;0,57;0,4;0,71;0,44;2021-09-22 23:31:00
46,6;0,56;0,39;0,77;0,4;2021-09-23 00:01:00
46,6;0,57;0,4;0,69;0,41;2021-09-23 00:31:00
46,6;0,58;0,4;0,83;0,45;2021-09-23 01:01:00
46,6;0,58;0,41;0,8;0,46;2021-09-23 01:31:00
46,6;0,58;0,41;0,76;0,38;2021-09-23 02:01:00
46,6;0,58;0,41;0,65;0,42;2021-09-23 02:31:00
46,6;0,58;0,41;0,69;0,49;2021-09-23 03:01:00
46,6;0,57;0,41;0,72;0,46;2021-09-23 03:31:00
46,6;0,57;0,41;0,78;0,46;2021-09-23 04:01:00
46,6;0,56;0,41;0,64;0,48;2021-09-23 04:31:00
46,6;0,56;0,41;0,64;0,5;2021-09-23 05:01:00
46,6;0,56;0,41;0,72;0,81;2021-09-23 05:31:00
46,6;0,56;0,4;0,74;0,52;2021-09-23 06:01:00
46,6;0,55;0,4;0,74;0,41;2021-09-23 06:31:00
46,6;0,54;0,4;0,77;0,38;2021-09-23 07:01:00
46,6;0,54;0,4;0,62;0,37;2021-09-23 07:31:00
46,6;0,54;0,4;0,79;0,45;2021-09-23 08:01:00
46,6;0,55;0,4;0,67;0,42;2021-09-23 08:31:00
46,6;0,55;0,4;0,68;0,55;2021-09-23 09:01:00
48,1;0,61;0,43;0,94;0,5;2021-09-23 09:31:00
48,1;0,62;0,43;0,8;0,44;2021-09-23 10:01:00
48,1;0,63;0,42;0,81;0,48;2021-09-23 10:31:00
48,1;0,63;0,41;0,7;0,4;2021-09-23 11:01:00
48,1;0,6;0,41;0,87;0,59;2021-09-23 11:31:00
48,1;0,62;0,41;0,72;0,46;2021-09-23 12:01:00
48,1;0,62;0,41;0,73;0,4;2021-09-23 12:31:00
48,1;0,62;0,4;0,74;0,47;2021-09-23 13:01:00
48,1;0,63;0,39;0,81;0,42;2021-09-23 13:31:00
48,1;0,62;0,4;0,68;0,42;2021-09-23 14:01:00
48,1;0,63;0,4;0,81;0,56;2021-09-23 15:01:00
48,1;0,61;0,4;0,75;0,38;2021-09-23 15:31:00
48,1;0,62;0,39;0,75;0,46;2021-09-23 16:31:00
48,1;0,61;0,39;0,74;0,38;2021-09-23 17:01:00
48,1;0,63;0,4;0,75;0,35;2021-09-23 18:01:00
48,1;0,61;0,4;0,71;0,43;2021-09-23 18:31:00
48,1;0,62;0,41;0,82;0,42;2021-09-23 19:01:00
48,5;0,62;0,41;0,61;0,38;2021-09-23 19:31:00
48,5;0,64;0,41;0,85;0,45;2021-09-23 20:01:00
48,5;0,63;0,41;0,76;0,49;2021-09-23 20:31:00
48,5;0,62;0,41;0,82;0,4;2021-09-23 21:01:00
48,5;0,61;0,42;0,85;0,47;2021-09-23 21:31:00
48,5;0,6;0,41;0,74;0,42;2021-09-23 22:01:00
48,5;0,63;0,42;0,93;0,44;2021-09-23 22:31:00
48,5;0,64;0,43;0,75;0,42;2021-09-23 23:01:00
48,5;0,64;0,43;0,79;0,35;2021-09-23 23:31:00
48,5;0,6;0,43;0,64;0,36;2021-09-24 00:01:00
48,5;0,62;0,42;0,76;0,45;2021-09-24 00:31:00
48,5;0,61;0,43;0,8;0,39;2021-09-24 01:01:00
48,5;0,63;0,43;0,7;0,53;2021-09-24 01:31:00
48,5;0,63;0,43;0,69;0,43;2021-09-24 02:01:00
48,5;0,62;0,43;0,92;0,46;2021-09-24 02:31:00
48,5;0,61;0,43;0,79;0,38;2021-09-24 03:01:00
48,5;0,63;0,43;0,64;0,43;2021-09-24 03:31:00
48,5;0,64;0,43;0,81;0,59;2021-09-24 04:01:00
48,5;0,64;0,43;0,82;0,81;2021-09-24 04:31:00
48,5;0,63;0,43;0,88;0,43;2021-09-24 05:01:00
48,5;0,65;0,44;0,63;0,52;2021-09-24 05:31:00
48,5;0,67;0,44;0,86;0,93;2021-09-24 06:01:00
48,5;0,66;0,45;0,86;0,63;2021-09-24 06:31:00
48,5;0,65;0,44;0,71;0,5;2021-09-24 07:01:00
48,5;0,65;0,44;0,75;0,85;2021-09-24 07:31:00
48,5;0,67;0,45;0,88;0,46;2021-09-24 08:01:00
48,5;0,67;0,43;0,96;0,51;2021-09-24 08:31:00
48,5;0,65;0,43;0,87;0,44;2021-09-24 09:01:00
48,5;0,66;0,42;1,1;0,53;2021-09-24 09:31:00
48,5;0,67;0,42;0,78;0,44;2021-09-24 10:01:00
48,5;0,67;0,41;0,71;0,44;2021-09-24 10:31:00
50;0,71;0,4;0,87;1,49;2021-09-24 11:01:00
50;0,71;0,39;0,87;0,44;2021-09-24 11:31:00
50;0,67;0,41;0,79;0,54;2021-09-24 12:01:00
50;0,69;0,38;0,92;0,51;2021-09-24 12:31:00
50;0,67;0,37;0,86;0,62;2021-09-24 13:01:00
50;0,65;0,37;0,82;0,46;2021-09-24 13:31:00
50;0,63;0,37;0,78;0,49;2021-09-24 14:01:00
46,6;0,55;0,36;0,65;0,37;2021-09-24 14:31:00
42,5;0,7;0,38;0,59;0,43;2021-09-24 15:01:00
42,5;0,69;0,37;0,62;0,4;2021-09-24 15:31:00
42,5;0,68;0,37;0,6;0,47;2021-09-24 16:01:00
42,5;0,65;0,38;0,62;0,45;2021-09-24 16:31:00
42,5;0,67;0,39;0,55;0,38;2021-09-24 17:01:00
42,5;0,67;0,39;0,68;0,54;2021-09-24 17:31:00
42,5;0,67;0,4;0,66;0,44;2021-09-24 18:01:00
42,5;0,66;0,4;0,56;0,45;2021-09-24 18:31:00
42,5;0,66;0,4;0,68;0,43;2021-09-24 19:01:00
42,5;0,64;0,39;0,62;0,43;2021-09-24 19:31:00
42,5;0,66;0,41;0,72;0,45;2021-09-24 20:01:00
42,5;0,61;0,39;0,63;0,43;2021-09-24 20:31:00
42,5;0,67;0,42;0,73;0,47;2021-09-24 21:01:00
42,5;0,68;0,42;0,64;0,41;2021-09-24 21:31:00
42,5;0,69;0,42;0,65;0,45;2021-09-24 22:01:00
42,5;0,7;0,43;0,59;0,48;2021-09-24 22:31:00
42,5;0,69;0,43;0,64;0,4;2021-09-24 23:01:00
42,5;0,7;0,43;0,53;0,51;2021-09-24 23:31:00
42,5;0,69;0,43;0,64;0,43;2021-09-25 00:01:00
42,5;0,69;0,44;0,66;0,42;2021-09-25 00:31:00
42,5;0,71;0,44;0,66;0,44;2021-09-25 01:01:00
42,5;0,72;0,44;0,59;0,46;2021-09-25 01:31:00
42,5;0,69;0,44;0,8;0,36;2021-09-25 02:01:00
42,5;0,69;0,45;0,58;0,42;2021-09-25 03:01:00
42,5;0,68;0,45;0,63;0,46;2021-09-25 03:31:00
41,8;0,72;0,43;0,63;0,47;2021-09-25 04:01:00
41,8;0,74;0,44;0,57;0,52;2021-09-25 04:31:00
41,8;0,75;0,44;0,92;0,5;2021-09-25 05:01:00
41,8;0,74;0,44;0,7;0,42;2021-09-25 05:31:00
41,8;0,75;0,45;0,69;0,46;2021-09-25 06:01:00
41,8;0,73;0,44;0,69;0,48;2021-09-25 06:31:00
41,8;0,72;0,44;0,58;0,48;2021-09-25 07:01:00
41,8;0,73;0,45;0,62;0,5;2021-09-25 07:31:00
41,8;0,73;0,45;0,67;0,48;2021-09-25 08:01:00
41,8;0,75;0,45;0,58;0,38;2021-09-25 08:31:00
41,8;0,74;0,44;0,57;0,44;2021-09-25 09:01:00
41,8;0,72;0,44;0,65;0,49;2021-09-25 09:31:00
41,8;0,72;0,44;0,79;0,5;2021-09-25 10:01:00
41,8;0,73;0,44;0,76;0,48;2021-09-25 10:31:00
41,8;0,7;0,43;0,7;0,46;2021-09-25 11:01:00
41,8;0,72;0,44;0,65;0,47;2021-09-25 11:31:00
41,8;0,71;0,43;0,69;0,49;2021-09-25 12:01:00
41,8;0,73;0,44;0,64;0,54;2021-09-25 12:31:00
41,8;0,73;0,44;0,65;0,48;2021-09-25 13:01:00
41,8;0,74;0,44;0,72;0,57;2021-09-25 13:31:00
41,8;0,75;0,44;0,66;0,46;2021-09-25 14:01:00
41,8;0,77;0,44;0,56;0,48;2021-09-25 14:31:00
41,8;0,76;0,43;0,63;0,49;2021-09-25 15:01:00
41,8;0,75;0,43;0,62;0,61;2021-09-25 15:31:00
41,8;0,73;0,42;0,63;0,54;2021-09-25 16:01:00
41,8;0,77;0,43;0,68;0,47;2021-09-25 16:31:00
41,8;0,72;0,42;0,68;0,46;2021-09-25 17:01:00
41,8;0,71;0,41;0,7;0,46;2021-09-25 17:31:00
41,8;0,73;0,42;0,62;0,48;2021-09-25 18:01:00
41,8;0,72;0,41;0,62;0,47;2021-09-25 18:31:00
41,8;0,73;0,41;0,79;0,5;2021-09-25 19:01:00
41,8;0,73;0,42;0,59;0,48;2021-09-25 19:31:00
41,8;0,73;0,41;0,66;0,59;2021-09-25 20:01:00
41,8;0,74;0,42;0,63;0,46;2021-09-25 20:31:00
41,8;0,75;0,42;0,6;0,48;2021-09-25 21:01:00
41,8;0,71;0,41;0,7;0,47;2021-09-25 21:31:00
41,8;0,7;0,41;0,72;0,5;2021-09-25 22:01:00
41,8;0,71;0,4;0,64;0,48;2021-09-25 22:31:00
41,8;0,71;0,41;0,65;0,54;2021-09-25 23:01:00
41,8;0,71;0,41;0,58;0,47;2021-09-25 23:31:00
41,8;0,7;0,41;0,71;0,51;2021-09-26 00:01:00
41,8;0,72;0,41;0,65;0,53;2021-09-26 00:31:00
41,8;0,72;0,41;0,63;0,48;2021-09-26 01:01:00
41,8;0,73;0,41;0,67;0,55;2021-09-26 01:33:00
41,8;0,75;0,42;0,7;0,45;2021-09-26 02:01:00
41,8;0,72;0,43;0,66;0,61;2021-09-26 02:31:00
41,8;0,73;0,42;0,64;0,51;2021-09-26 03:01:00
41,8;0,71;0,42;0,67;0,57;2021-09-26 03:31:00
41,8;0,72;0,42;0,72;0,48;2021-09-26 04:01:00
41,8;0,73;0,42;0,62;0,44;2021-09-26 04:31:00
41,8;0,75;0,43;0,66;0,51;2021-09-26 05:01:00
41,8;0,74;0,44;0,58;0,49;2021-09-26 05:31:00
41,8;0,73;0,43;0,63;0,45;2021-09-26 06:01:00
41,8;0,74;0,42;0,71;0,49;2021-09-26 06:31:00
41,8;0,73;0,44;0,67;0,44;2021-09-26 07:01:00
41,8;0,73;0,45;0,66;0,5;2021-09-26 07:31:00
41,8;0,72;0,44;0,72;0,56;2021-09-26 08:01:00
41,8;0,7;0,43;0,58;0,57;2021-09-26 08:31:00
41,8;0,69;0,43;0,69;0,49;2021-09-26 09:01:00
41,8;0,71;0,43;0,75;0,51;2021-09-26 09:31:00
41,8;0,68;0,42;0,73;0,5;2021-09-26 10:01:00
41,8;0,69;0,42;0,63;0,56;2021-09-26 10:31:00
41,8;0,69;0,42;0,69;0,51;2021-09-26 11:01:00
41,8;0,68;0,41;0,78;0,45;2021-09-26 11:31:00
41,8;0,68;0,41;0,63;0,5;2021-09-26 12:01:00
41,8;0,69;0,41;0,6;0,47;2021-09-26 12:31:00
41,8;0,69;0,41;0,62;0,51;2021-09-26 13:01:00
41,8;0,7;0,42;0,66;0,53;2021-09-26 13:31:00
41,8;0,71;0,42;0,63;0,5;2021-09-26 14:01:00
41,8;0,71;0,42;0,7;0,5;2021-09-26 14:31:00
41,8;0,71;0,42;0,62;0,46;2021-09-26 15:01:00
41,8;0,71;0,43;0,62;0,46;2021-09-26 15:31:00
41,8;0,7;0,41;0,64;0,49;2021-09-26 16:01:00
41,8;0,7;0,41;0,64;0,51;2021-09-26 16:31:00
41,8;0,71;0,41;0,58;0,45;2021-09-26 17:01:00
41,8;0,71;0,42;0,61;0,5;2021-09-26 17:31:00
41,8;0,73;0,43;0,77;0,48;2021-09-26 18:01:00
41,8;0,73;0,43;0,63;0,59;2021-09-26 18:31:00
41,8;0,72;0,43;0,63;0,52;2021-09-26 19:01:00
41,8;0,68;0,42;0,74;0,46;2021-09-26 19:31:00
41,8;0,67;0,41;0,75;0,49;2021-09-26 20:01:00
41,8;0,68;0,42;0,58;0,46;2021-09-26 20:31:00
41,8;0,68;0,41;0,63;0,5;2021-09-26 21:01:00
41,8;0,7;0,41;0,56;0,53;2021-09-26 21:31:00
41,8;0,69;0,41;0,64;0,43;2021-09-26 22:01:00
41,8;0,73;0,43;0,65;0,45;2021-09-26 22:31:00
41,8;0,72;0,42;0,67;0,44;2021-09-26 23:01:00
41,8;0,71;0,42;0,7;0,5;2021-09-27 00:01:00
41,8;0,7;0,43;0,7;0,5;2021-09-27 00:31:00
41,8;0,71;0,43;0,62;0,49;2021-09-27 01:01:00
41,8;0,69;0,42;0,56;0,49;2021-09-27 01:31:00
41,8;0,7;0,41;0,75;0,51;2021-09-27 02:01:00
41,8;0,69;0,42;0,56;0,46;2021-09-27 02:31:00
41;0,7;0,42;0,66;0,41;2021-09-27 03:01:00
39,5;0,78;0,43;0,59;0,41;2021-09-27 03:31:00
39,5;0,79;0,43;0,53;0,44;2021-09-27 04:31:00
39,5;0,8;0,44;0,58;0,46;2021-09-27 05:01:00
39,5;0,8;0,44;0,55;0,43;2021-09-27 05:31:00
39,5;0,8;0,43;0,56;0,49;2021-09-27 06:01:00
39,5;0,76;0,42;0,56;0,44;2021-09-27 06:31:00
39,5;0,76;0,42;0,48;0,5;2021-09-27 07:01:00
39,5;0,78;0,42;0,59;0,49;2021-09-27 07:31:00
39,5;0,77;0,42;0,56;0,49;2021-09-27 08:01:00
39,5;0,76;0,41;0,6;0,46;2021-09-27 08:31:00
39,5;0,77;0,42;0,55;0,46;2021-09-27 09:01:00
39,5;0,77;0,41;0,51;0,4;2021-09-27 09:31:00
39,5;0,74;0,41;0,62;0,43;2021-09-27 10:01:00
39,5;0,73;0,4;0,58;0,46;2021-09-27 10:31:00
39,5;0,73;0,4;0,53;0,45;2021-09-27 11:01:00
39,5;0,76;0,41;0,49;0,44;2021-09-27 11:31:00
39,5;0,77;0,4;0,62;0,47;2021-09-27 12:01:00
39,5;0,76;0,39;0,58;0,59;2021-09-27 12:31:00
39,5;0,76;0,39;0,53;0,44;2021-09-27 13:01:00
39,5;0,77;0,4;0,55;0,54;2021-09-27 13:31:00
39,5;0,78;0,41;0,58;0,46;2021-09-27 14:01:00
39,5;0,8;0,4;0,6;0,48;2021-09-27 14:32:00
39,5;0,78;0,4;0,68;0,49;2021-09-27 15:01:00
39,5;0,78;0,41;0,54;0,44;2021-09-27 15:31:00
39,5;0,77;0,41;0,63;0,43;2021-09-27 16:01:00
39,5;0,75;0,39;0,56;0,54;2021-09-27 16:31:00
39,5;0,77;0,41;0,49;0,45;2021-09-27 17:01:00
39,5;0,77;0,41;0,54;0,44;2021-09-27 17:31:00
39,5;0,77;0,4;0,53;0,45;2021-09-27 18:01:00
39,5;0,78;0,41;0,54;0,47;2021-09-27 18:32:00
39,5;0,75;0,4;0,63;0,43;2021-09-27 19:01:00
39,5;0,76;0,4;0,65;0,46;2021-09-27 19:31:00
39,5;0,78;0,42;0,56;0,45;2021-09-27 20:01:00
39,5;0,77;0,41;0,57;0,52;2021-09-27 20:31:00
39,5;0,8;0,43;0,69;0,52;2021-09-27 21:01:00
39,5;0,79;0,43;0,45;0,5;2021-09-27 21:32:00
39,5;0,81;0,43;0,6;0,47;2021-09-27 22:01:00
39,5;0,81;0,43;0,51;0,51;2021-09-27 23:01:00
39,5;0,81;0,43;0,55;0,43;2021-09-27 23:31:00
39,5;0,82;0,45;0,46;0,49;2021-09-28 00:01:00
39,5;0,84;0,44;0,76;0,51;2021-09-28 00:31:00
39,5;0,83;0,44;0,63;0,44;2021-09-28 01:02:00
39,5;0,82;0,44;0,6;0,44;2021-09-28 01:31:00
39,5;0,83;0,44;0,57;0,47;2021-09-28 02:01:00
39,5;0,81;0,44;0,49;0,47;2021-09-28 02:32:00
39,5;0,83;0,45;0,56;0,45;2021-09-28 03:01:00
39,5;0,81;0,45;0,55;0,46;2021-09-28 03:32:00
39,5;0,82;0,45;0,55;0,47;2021-09-28 04:01:00
39,5;0,81;0,45;0,7;0,46;2021-09-28 04:32:00
39,5;0,81;0,45;0,47;0,4;2021-09-28 05:01:00
39,5;0,8;0,44;0,52;0,46;2021-09-28 05:32:00
41,8;0,73;0,44;0,61;0,55;2021-09-28 06:01:00
41,8;0,69;0,43;0,54;0,55;2021-09-28 06:31:00
41,8;0,71;0,44;0,64;0,49;2021-09-28 07:01:00
41,8;0,68;0,43;0,72;0,51;2021-09-28 07:31:00
41,8;0,67;0,43;0,57;0,52;2021-09-28 08:01:00
41,8;0,69;0,44;0,59;0,5;2021-09-28 08:31:00
41,8;0,68;0,43;0,66;0,55;2021-09-28 09:31:00
41,8;0,67;0,42;0,71;0,54;2021-09-28 10:01:00
41,8;0,64;0,4;0,65;0,42;2021-09-28 10:31:00
41,8;0,65;0,41;0,61;0,42;2021-09-28 11:01:00
41,8;0,66;0,41;0,62;0,48;2021-09-28 11:31:00
41,8;0,67;0,41;0,57;0,47;2021-09-28 12:01:00
41,8;0,7;0,41;0,79;0,44;2021-09-28 12:31:00
41,8;0,68;0,41;0,71;0,51;2021-09-28 13:01:00
41,8;0,69;0,41;0,56;0,5;2021-09-28 13:31:00
41,8;0,71;0,41;0,67;0,46;2021-09-28 14:01:00
41,8;0,67;0,4;0,68;0,65;2021-09-28 14:31:00
41,8;0,68;0,41;0,59;0,51;2021-09-28 15:01:00
41,8;0,68;0,4;0,56;0,45;2021-09-28 15:31:00
41,8;0,68;0,41;0,71;0,45;2021-09-28 16:01:00
41,8;0,67;0,41;0,62;0,49;2021-09-28 16:31:00
41,8;0,67;0,41;0,69;0,5;2021-09-28 17:01:00
41,8;0,68;0,41;0,61;0,44;2021-09-28 17:31:00
41,8;0,68;0,41;0,62;0,47;2021-09-28 18:01:00
41,8;0,69;0,41;0,52;0,42;2021-09-28 18:31:00
41,8;0,69;0,41;0,5;0,48;2021-09-28 19:01:00
41,8;0,68;0,41;0,78;0,52;2021-09-28 19:31:00
41,8;0,69;0,41;0,71;0,47;2021-09-28 20:01:00
41,8;0,68;0,4;0,65;0,44;2021-09-28 20:31:00
41,8;0,66;0,4;0,65;0,56;2021-09-28 21:01:00
41,8;0,67;0,4;0,66;0,51;2021-09-28 21:31:00
41,8;0,7;0,41;0,64;0,49;2021-09-28 22:01:00
41,8;0,71;0,41;0,54;0,45;2021-09-28 22:31:00
41,8;0,71;0,41;0,71;0,53;2021-09-28 23:01:00
41,8;0,72;0,42;0,61;0,6;2021-09-28 23:31:00
41,8;0,7;0,41;0,76;0,49;2021-09-29 00:01:00
41,8;0,69;0,41;0,67;0,47;2021-09-29 00:31:00
41,8;0,7;0,41;0,63;0,51;2021-09-29 01:01:00
41,8;0,69;0,41;0,66;0,48;2021-09-29 01:31:00
41,8;0,71;0,42;0,65;0,49;2021-09-29 02:01:00
41,8;0,7;0,42;0,7;0,55;2021-09-29 02:31:00
41,8;0,7;0,41;0,69;0,47;2021-09-29 03:01:00
41,8;0,7;0,41;0,74;0,52;2021-09-29 03:31:00
41,8;0,69;0,41;0,83;0,53;2021-09-29 04:01:00
41,8;0,7;0,42;0,65;0,46;2021-09-29 04:31:00
41,8;0,7;0,41;0,65;0,47;2021-09-29 05:01:00
41,8;0,71;0,42;0,69;0,54;2021-09-29 05:31:00
41,8;0,7;0,43;0,61;0,53;2021-09-29 06:01:00
41,8;0,68;0,41;0,67;0,45;2021-09-29 06:31:00
41,8;0,68;0,4;0,75;0,57;2021-09-29 07:01:00
41,8;0,68;0,41;0,62;0,52;2021-09-29 07:31:00
41,8;0,71;0,42;0,83;0,58;2021-09-29 08:01:00
41,8;0,72;0,42;0,7;0,49;2021-09-29 08:31:00
41,8;0,69;0,41;0,73;0,47;2021-09-29 09:01:00
41,8;0,69;0,41;0,84;0,64;2021-09-29 09:32:00
41,8;0,68;0,4;0,75;0,47;2021-09-29 10:01:00
41,8;0,69;0,4;0,62;0,46;2021-09-29 10:31:00
41,8;0,67;0,4;0,66;0,59;2021-09-29 11:01:00
41,8;0,71;0,4;0,74;0,57;2021-09-29 11:32:00
41,8;0,72;0,4;0,71;0,58;2021-09-29 12:01:00
41,8;0,75;0,42;0,59;0,49;2021-09-29 12:31:00
41,8;0,74;0,41;0,82;0,58;2021-09-29 13:01:00
41,8;0,72;0,41;0,62;0,53;2021-09-29 13:31:00
41,8;0,72;0,41;0,64;0,57;2021-09-29 14:01:00
41,8;0,69;0,39;0,79;0,62;2021-09-29 14:31:00
41,8;0,7;0,39;0,6;0,52;2021-09-29 15:01:00
41,8;0,71;0,4;0,61;0,47;2021-09-29 15:31:00
41,8;0,7;0,39;0,67;0,52;2021-09-29 16:02:00
41,8;0,69;0,38;0,57;0,53;2021-09-29 16:31:00
41,8;0,7;0,39;0,77;0,48;2021-09-29 17:01:00
41,8;0,7;0,39;0,63;0,52;2021-09-29 17:31:00
41,8;0,71;0,39;0,7;0,42;2021-09-29 18:01:00
41,8;0,73;0,4;0,67;0,55;2021-09-29 18:31:00
41,8;0,73;0,41;0,64;0,58;2021-09-29 19:01:00
41,8;0,71;0,41;0,66;0,47;2021-09-29 19:31:00
41,8;0,69;0,4;0,69;0,5;2021-09-29 20:01:00
41,8;0,68;0,4;0,78;0,51;2021-09-29 20:31:00
41,8;0,7;0,42;0,57;0,46;2021-09-29 21:01:00
41,8;0,71;0,41;0,69;0,49;2021-09-29 21:31:00
41,8;0,72;0,42;0,6;0,4;2021-09-29 22:01:00
41,8;0,7;0,41;0,69;0,47;2021-09-29 22:31:00
41,8;0,73;0,42;0,66;0,44;2021-09-29 23:01:00
41,8;0,71;0,42;0,61;0,46;2021-09-29 23:31:00
41,8;0,71;0,42;0,64;0,47;2021-09-30 00:01:00
41,8;0,72;0,42;0,72;0,5;2021-09-30 00:31:00
41,8;0,7;0,41;0,65;0,49;2021-09-30 01:01:00
41,8;0,73;0,43;0,68;0,54;2021-09-30 01:31:00
41,8;0,73;0,43;0,55;0,44;2021-09-30 02:01:00
41,8;0,72;0,42;0,64;0,47;2021-09-30 02:31:00
41,8;0,72;0,42;0,6;0,46;2021-09-30 03:01:00
41,8;0,71;0,42;0,68;0,46;2021-09-30 03:31:00
41,8;0,72;0,43;0,68;0,54;2021-09-30 04:01:00
41,8;0,72;0,43;0,76;0,49;2021-09-30 04:32:00
41,8;0,74;0,43;0,63;0,45;2021-09-30 05:01:00
41,8;0,71;0,42;0,62;0,47;2021-09-30 05:31:00
41,8;0,7;0,42;0,62;0,51;2021-09-30 06:01:00
41,8;0,72;0,42;0,69;0,61;2021-09-30 06:31:00
41,8;0,68;0,41;0,69;0,45;2021-09-30 07:01:00
41,8;0,7;0,41;0,69;0,47;2021-09-30 07:31:00
41,8;0,7;0,41;0,69;0,5;2021-09-30 08:01:00
41,8;0,68;0,41;0,74;0,53;2021-09-30 08:31:00
41,8;0,69;0,41;0,81;0,42;2021-09-30 09:01:00
41,8;0,68;0,41;0,75;0,49;2021-09-30 09:31:00
41,8;0,69;0,41;0,74;0,55;2021-09-30 10:01:00
41,8;0,7;0,42;0,65;0,44;2021-09-30 10:31:00
41,8;0,67;0,41;0,73;0,41;2021-09-30 11:01:00
41,8;0,66;0,41;0,7;0,5;2021-09-30 11:31:00
41,8;0,67;0,41;0,64;0,47;2021-09-30 12:01:00
41,8;0,69;0,41;0,56;0,5;2021-09-30 12:32:00
41,8;0,69;0,42;0,65;0,47;2021-09-30 13:01:00
41,8;0,7;0,41;0,61;0,5;2021-09-30 13:31:00
41,8;0,69;0,41;0,63;0,49;2021-09-30 14:01:00
41,8;0,67;0,4;0,71;0,5;2021-09-30 14:31:00
41,8;0,68;0,4;0,75;0,47;2021-09-30 15:02:00
41,8;0,67;0,41;0,74;0,46;2021-09-30 15:31:00
41,8;0,68;0,41;0,68;0,55;2021-09-30 16:01:00
41,8;0,7;0,41;0,69;0,5;2021-09-30 16:31:00
41,8;0,69;0,41;0,72;0,54;2021-09-30 17:01:00
41,8;0,68;0,4;0,62;0,42;2021-09-30 17:31:00
41,8;0,69;0,41;0,79;0,42;2021-09-30 18:01:00
41,8;0,67;0,41;0,71;0,57;2021-09-30 18:31:00
41,8;0,68;0,4;0,77;0,47;2021-09-30 19:01:00
41,8;0,67;0,4;0,77;0,52;2021-09-30 19:31:00
41,8;0,67;0,4;0,62;0,55;2021-09-30 20:01:00
41,8;0,67;0,4;0,79;0,51;2021-09-30 20:32:00
41,8;0,67;0,41;0,67;0,54;2021-09-30 21:01:00
41,8;0,7;0,41;0,6;0,54;2021-09-30 21:31:00
41,8;0,73;0,42;0,64;0,45;2021-09-30 22:01:00
41,8;0,72;0,42;0,64;0,57;2021-09-30 22:32:00
41,8;0,72;0,41;0,66;0,46;2021-09-30 23:01:00
41,8;0,74;0,42;0,57;0,44;2021-09-30 23:31:00
41,8;0,73;0,42;0,73;0,51;2021-10-01 00:02:00
41,8;0,73;0,42;0,77;0,54;2021-10-01 00:31:00
41,8;0,72;0,42;0,61;0,6;2021-10-01 01:02:00
41,8;0,73;0,43;0,67;0,5;2021-10-01 01:31:00
41,8;0,72;0,42;0,62;0,46;2021-10-01 02:01:00
41,8;0,73;0,42;0,7;0,46;2021-10-01 02:31:00
41,8;0,72;0,42;0,73;0,51;2021-10-01 03:01:00
41,8;0,73;0,42;0,7;0,49;2021-10-01 03:31:00
41,8;0,73;0,43;0,69;0,48;2021-10-01 04:01:00
41,8;0,73;0,43;0,68;0,51;2021-10-01 04:31:00
41,8;0,73;0,44;0,54;0,47;2021-10-01 05:01:00
41,8;0,74;0,44;0,62;0,48;2021-10-01 05:31:00
41,8;0,73;0,44;0,64;0,48;2021-10-01 06:01:00
41,8;0,7;0,43;0,69;0,47;2021-10-01 06:31:00
41,8;0,72;0,44;0,62;0,44;2021-10-01 07:01:00
41,8;0,7;0,43;0,61;0,44;2021-10-01 07:31:00
41,8;0,7;0,44;0,73;0,47;2021-10-01 08:01:00
41,8;0,7;0,43;0,67;0,48;2021-10-01 08:31:00
41,8;0,71;0,43;0,78;0,56;2021-10-01 09:01:00
41,8;0,72;0,44;0,66;0,53;2021-10-01 09:32:00
41,8;0,74;0,44;0,63;0,48;2021-10-01 10:01:00
41,8;0,72;0,43;0,6;0,48;2021-10-01 10:31:00
41,8;0,7;0,42;0,65;0,5;2021-10-01 11:01:00
41,8;0,7;0,42;0,73;0,52;2021-10-01 11:31:00
41,8;0,7;0,42;0,61;0,46;2021-10-01 12:01:00
41,8;0,72;0,43;0,65;0,51;2021-10-01 12:31:00
41,8;0,73;0,42;0,7;0,48;2021-10-01 13:01:00
41,8;0,71;0,42;0,69;0,52;2021-10-01 13:31:00
41,8;0,72;0,42;0,7;0,5;2021-10-01 14:01:00
41,8;0,69;0,41;0,67;0,47;2021-10-01 14:31:00
41,8;0,7;0,41;0,6;0,51;2021-10-01 15:01:00
41,8;0,69;0,41;0,65;0,52;2021-10-01 15:31:00
41,8;0,7;0,41;0,76;0,55;2021-10-01 16:31:00
41,8;0,73;0,43;0,64;0,53;2021-10-01 17:01:00
41,8;0,69;0,41;0,68;0,51;2021-10-01 17:31:00
41,8;0,71;0,41;0,62;0,57;2021-10-01 18:01:00
41,8;0,69;0,4;0,66;0,49;2021-10-01 18:31:00
41,8;0,69;0,41;0,62;0,57;2021-10-01 19:01:00
41,8;0,72;0,42;0,81;0,5;2021-10-01 19:31:00
38;0,82;0,41;0,5;0,43;2021-10-01 20:01:00
38;0,81;0,41;0,5;0,45;2021-10-01 20:31:00
38;0,8;0,42;0,74;0,53;2021-10-01 21:01:00
38;0,77;0,41;0,62;0,37;2021-10-01 21:31:00
38;0,78;0,41;0,61;0,55;2021-10-01 22:01:00
38;0,8;0,42;0,68;0,42;2021-10-01 22:31:00
38;0,8;0,41;0,7;0,45;2021-10-01 23:01:00
38;0,79;0,43;0,77;0,51;2021-10-01 23:31:00
38;0,77;0,42;0,57;0,54;2021-10-02 00:01:00
38,8;0,79;0,43;0,69;0,41;2021-10-02 00:31:00
38,8;0,81;0,44;0,67;0,54;2021-10-02 01:01:00
38,8;0,81;0,44;0,72;0,47;2021-10-02 01:31:00
38,8;0,81;0,44;0,59;0,46;2021-10-02 02:01:00
38,8;0,81;0,44;0,56;0,45;2021-10-02 02:31:00
38,8;0,8;0,44;0,6;0,47;2021-10-02 03:01:00
38,8;0,79;0,44;0,51;0,43;2021-10-02 03:31:00
38,8;0,8;0,43;0,47;0,41;2021-10-02 04:01:00
38,8;0,8;0,44;0,65;0,53;2021-10-02 04:31:00
38,8;0,78;0,44;0,56;0,52;2021-10-02 05:01:00
38,8;0,77;0,43;0,53;0,42;2021-10-02 05:31:00
38,8;0,78;0,43;0,72;0,51;2021-10-02 06:01:00
38,8;0,77;0,44;0,8;0,55;2021-10-02 06:31:00
38,8;0,78;0,44;0,55;0,46;2021-10-02 07:01:00
38,8;0,77;0,44;0,62;0,39;2021-10-02 07:32:00
38,8;0,77;0,42;0,61;0,42;2021-10-02 08:01:00
38,8;0,77;0,43;0,55;0,42;2021-10-02 08:31:00
38,8;0,77;0,43;0,59;0,47;2021-10-02 09:01:00
38,8;0,78;0,43;0,65;0,47;2021-10-02 09:31:00
38,8;0,77;0,42;0,5;0,44;2021-10-02 10:01:00
38,8;0,76;0,42;0,65;0,47;2021-10-02 10:31:00
38,8;0,76;0,41;0,53;0,55;2021-10-02 11:01:00
38,8;0,76;0,41;0,55;0,4;2021-10-02 11:31:00
38,8;0,78;0,41;0,57;0,51;2021-10-02 12:01:00
38,8;0,78;0,41;0,59;0,45;2021-10-02 12:31:00
38,8;0,79;0,41;0,6;0,47;2021-10-02 13:01:00
38,8;0,78;0,4;0,53;0,41;2021-10-02 13:31:00
38,8;0,81;0,41;0,57;0,45;2021-10-02 14:01:00
38,8;0,82;0,42;0,66;0,44;2021-10-02 14:31:00
38,8;0,84;0,42;0,62;0,44;2021-10-02 15:01:00
38,8;0,83;0,41;0,47;0,52;2021-10-02 15:31:00
38,8;0,83;0,42;0,66;0,47;2021-10-02 16:01:00
38,8;0,81;0,41;0,56;0,4;2021-10-02 16:31:00
38,8;0,81;0,41;0,56;0,38;2021-10-02 17:01:00
38,8;0,81;0,41;0,66;0,43;2021-10-02 17:31:00
38,8;0,76;0,39;0,55;0,44;2021-10-02 18:01:00
38,8;0,8;0,41;0,55;0,49;2021-10-02 18:31:00
38,8;0,79;0,4;0,58;0,57;2021-10-02 19:01:00
38,8;0,82;0,41;0,61;0,44;2021-10-02 19:31:00
38,8;0,82;0,42;0,68;0,48;2021-10-02 20:01:00
38,8;0,84;0,42;0,49;0,43;2021-10-02 20:31:00
38,8;0,83;0,42;0,6;0,45;2021-10-02 21:01:00
38,8;0,84;0,42;0,52;0,5;2021-10-02 21:31:00
38,8;0,82;0,41;0,7;0,45;2021-10-02 22:01:00
38,8;0,84;0,42;0,63;0,47;2021-10-02 22:31:00
38,8;0,83;0,42;0,65;0,47;2021-10-02 23:01:00
38,8;0,83;0,42;0,56;0,44;2021-10-02 23:31:00
38,8;0,84;0,44;0,57;0,43;2021-10-03 00:01:00
38,8;0,82;0,43;0,52;0,45;2021-10-03 00:31:00
38,8;0,83;0,44;0,69;0,44;2021-10-03 01:01:00
38,8;0,84;0,44;0,71;0,41;2021-10-03 01:31:00
38,8;0,82;0,44;0,63;0,45;2021-10-03 02:01:00
38,8;0,84;0,45;0,55;0,48;2021-10-03 02:31:00
38,8;0,83;0,44;0,56;0,41;2021-10-03 03:01:00
38,8;0,81;0,44;0,49;0,38;2021-10-03 03:31:00
38,8;0,79;0,43;0,76;0,63;2021-10-03 04:02:00
38,8;0,79;0,43;0,54;0,63;2021-10-03 04:32:00
38,8;0,79;0,42;0,61;0,55;2021-10-03 05:01:00
38,8;0,78;0,43;0,55;0,49;2021-10-03 05:31:00
38,8;0,8;0,43;0,71;0,48;2021-10-03 06:02:00
38,8;0,77;0,42;0,64;0,43;2021-10-03 06:31:00
38,8;0,8;0,43;0,53;0,48;2021-10-03 07:01:00
38,8;0,8;0,43;0,68;0,38;2021-10-03 07:31:00
38,8;0,8;0,44;0,63;0,48;2021-10-03 08:01:00
38,8;0,81;0,44;0,62;0,42;2021-10-03 08:31:00
38,8;0,79;0,42;0,59;0,46;2021-10-03 09:01:00
38,8;0,78;0,42;0,51;0,49;2021-10-03 09:31:00
38,8;0,77;0,42;0,58;0,5;2021-10-03 10:01:00
38,8;0,77;0,42;0,51;0,38;2021-10-03 10:31:00
38,8;0,79;0,43;0,61;0,46;2021-10-03 11:01:00
38,8;0,8;0,43;0,46;0,4;2021-10-03 11:31:00
38,8;0,78;0,41;0,58;0,39;2021-10-03 12:01:00
38,8;0,79;0,42;0,64;0,45;2021-10-03 12:32:00
38,8;0,81;0,42;0,75;0,43;2021-10-03 13:01:00
38,8;0,85;0,43;0,55;0,44;2021-10-03 13:31:00
38,8;0,84;0,42;0,63;0,45;2021-10-03 14:02:00
38,8;0,9;0,42;0,58;0,41;2021-10-03 14:31:00
38,8;0,9;0,43;0,51;0,4;2021-10-03 15:01:00
38,8;0,92;0,43;0,51;0,5;2021-10-03 15:31:00
38,8;0,9;0,42;0,56;0,63;2021-10-03 16:01:00
38,8;0,89;0,41;0,7;0,58;2021-10-03 16:31:00
38,8;0,91;0,41;0,52;0,42;2021-10-03 17:01:00
38,8;0,88;0,4;0,59;0,46;2021-10-03 17:31:00
38,8;0,87;0,39;0,57;0,53;2021-10-03 18:01:00
38,8;0,88;0,38;0,49;0,57;2021-10-03 18:31:00
38,8;0,85;0,38;0,74;0,54;2021-10-03 19:01:00
38,8;0,83;0,41;0,51;0,46;2021-10-03 19:31:00
38,8;0,83;0,41;0,63;0,52;2021-10-03 20:01:00
38,8;0,81;0,4;0,55;0,51;2021-10-03 20:31:00
38,8;0,85;0,42;0,53;0,42;2021-10-03 21:01:00
38,8;0,85;0,43;0,57;0,45;2021-10-03 21:31:00
38,8;0,83;0,42;0,68;0,49;2021-10-03 22:02:00
38,8;0,86;0,44;0,53;0,42;2021-10-03 22:31:00
38,8;0,86;0,45;0,55;0,54;2021-10-03 23:01:00
38,8;0,82;0,43;0,59;0,45;2021-10-03 23:31:00
38,8;0,83;0,43;0,66;0,45;2021-10-04 00:01:00
38,8;0,81;0,42;0,52;0,49;2021-10-04 00:31:00
38,8;0,81;0,41;0,59;0,57;2021-10-04 01:01:00
38,8;0,81;0,42;0,5;0,45;2021-10-04 01:31:00
38,8;0,81;0,42;0,77;0,41;2021-10-04 02:01:00
38,8;0,81;0,42;0,61;0,47;2021-10-04 02:31:00
38,8;0,8;0,42;0,66;0,43;2021-10-04 03:01:00
38,8;0,81;0,42;0,57;0,43;2021-10-04 03:31:00
38,8;0,81;0,43;0,6;0,48;2021-10-04 04:01:00
38,8;0,79;0,43;0,63;0,5;2021-10-04 04:31:00
38,8;0,79;0,42;0,49;0,52;2021-10-04 05:01:00
38,8;0,77;0,41;0,61;0,49;2021-10-04 05:31:00
38,8;0,79;0,41;0,63;0,5;2021-10-04 06:02:00
38,8;0,78;0,41;0,6;0,48;2021-10-04 06:31:00
38,8;0,78;0,41;0,55;0,51;2021-10-04 07:01:00
38,8;0,78;0,41;0,57;0,48;2021-10-04 07:31:00
38,8;0,74;0,4;0,55;0,49;2021-10-04 08:01:00
38,8;0,74;0,39;0,62;0,44;2021-10-04 08:31:00
38,8;0,76;0,4;0,77;0,55;2021-10-04 09:01:00
38,8;0,76;0,4;0,66;0,49;2021-10-04 09:31:00
38,8;0,77;0,43;0,58;0,43;2021-10-04 11:31:00
38,8;0,78;0,43;0,57;0,41;2021-10-04 12:01:00
38,8;0,76;0,4;0,55;0,45;2021-10-04 12:31:00
38,8;0,77;0,41;0,53;0,48;2021-10-04 13:01:00
38,8;0,76;0,41;0,55;0,51;2021-10-04 13:31:00
38,8;0,78;0,41;0,55;0,44;2021-10-04 14:01:00
38,8;0,77;0,4;0,47;0,44;2021-10-04 14:31:00
38,8;0,75;0,4;0,56;0,39;2021-10-04 15:01:00
44,4;0,6;0,4;0,69;0,41;2021-10-04 15:31:00
44,4;0,59;0,4;0,56;0,32;2021-10-04 16:01:00
44,4;0,6;0,4;0,6;0,34;2021-10-04 16:32:00
44,4;0,62;0,41;0,53;0,4;2021-10-04 17:01:00
44,4;0,61;0,4;0,53;0,42;2021-10-04 17:31:00
44,4;0,62;0,41;0,65;0,34;2021-10-04 18:01:00
44,4;0,64;0,42;0,63;0,38;2021-10-04 18:31:00
44,4;0,62;0,41;0,55;0,53;2021-10-04 19:01:00
46,2;0,57;0,4;0,69;0,47;2021-10-04 19:31:00
46,2;0,59;0,41;0,73;0,48;2021-10-04 20:02:00
46,2;0,58;0,4;0,7;0,45;2021-10-04 20:31:00
46,2;0,57;0,41;0,75;0,51;2021-10-04 21:01:00
46,2;0,59;0,41;0,65;0,4;2021-10-04 21:31:00
46,2;0,6;0,41;0,67;0,39;2021-10-04 22:01:00
46,2;0,59;0,42;0,64;0,53;2021-10-04 22:31:00
46,2;0,59;0,42;0,65;0,46;2021-10-04 23:01:00
46,2;0,6;0,42;0,73;0,48;2021-10-04 23:31:00
46,2;0,6;0,41;0,68;0,46;2021-10-05 00:01:00
46,2;0,6;0,41;0,7;0,43;2021-10-05 00:31:00
46,2;0,61;0,42;0,66;0,39;2021-10-05 01:01:00
46,2;0,6;0,42;0,77;0,43;2021-10-05 01:31:00
46,2;0,6;0,42;0,59;0,43;2021-10-05 02:01:00
46,2;0,61;0,42;0,56;0,41;2021-10-05 02:31:00
46,2;0,6;0,41;0,76;0,42;2021-10-05 03:01:00
46,2;0,59;0,42;0,68;0,42;2021-10-05 03:31:00
46,2;0,59;0,41;0,67;0,44;2021-10-05 04:01:00
46,2;0,6;0,42;0,6;0,44;2021-10-05 04:31:00
46,2;0,61;0,42;0,64;0,5;2021-10-05 05:01:00
46,2;0,59;0,42;0,67;0,44;2021-10-05 05:31:00
46,2;0,6;0,41;0,73;0,49;2021-10-05 06:01:00
46,2;0,59;0,41;0,78;0,37;2021-10-05 06:31:00
46,2;0,57;0,4;0,64;0,43;2021-10-05 07:01:00
46,2;0,58;0,4;0,75;0,38;2021-10-05 07:31:00
46,2;0,58;0,4;0,62;0,44;2021-10-05 08:01:00
46,2;0,57;0,4;0,63;0,44;2021-10-05 08:31:00
46,2;0,59;0,41;0,71;0,51;2021-10-05 09:01:00
46,2;0,57;0,4;0,67;0,45;2021-10-05 09:31:00
46,2;0,59;0,41;0,79;0,5;2021-10-05 10:31:00
46,2;0,59;0,41;0,77;0,44;2021-10-05 11:01:00
46,2;0,59;0,41;0,54;0,42;2021-10-05 11:31:00
46,2;0,6;0,41;0,64;0,43;2021-10-05 12:01:00
46,2;0,58;0,4;0,72;0,46;2021-10-05 12:31:00
46,2;0,58;0,4;0,74;0,41;2021-10-05 13:01:00
46,2;0,59;0,41;0,64;0,54;2021-10-05 13:31:00
46,2;0,59;0,4;0,74;0,41;2021-10-05 14:01:00
46,2;0,58;0,39;0,65;0,38;2021-10-05 14:31:00
46,2;0,6;0,4;0,65;0,47;2021-10-05 15:01:00
44,8;0,6;0,39;0,56;0,4;2021-10-05 15:31:00
44,8;0,58;0,4;0,6;0,41;2021-10-05 16:01:00
44,8;0,59;0,39;0,68;0,4;2021-10-05 16:31:00
43,2;0,63;0,4;0,67;0,49;2021-10-05 17:01:00
43,2;0,63;0,4;0,57;0,52;2021-10-05 17:31:00
43,2;0,64;0,41;0,65;0,4;2021-10-05 18:01:00
43,2;0,62;0,4;0,67;0,68;2021-10-05 18:31:00
43,2;0,61;0,4;0,64;0,41;2021-10-05 19:01:00
43,2;0,6;0,4;0,53;0,39;2021-10-05 19:31:00
43,2;0,6;0,4;0,66;0,4;2021-10-05 20:01:00
43,2;0,61;0,4;0,55;0,39;2021-10-05 20:31:00
43,2;0,62;0,41;0,63;0,44;2021-10-05 21:01:00
43,2;0,62;0,41;0,67;0,42;2021-10-05 21:31:00
43,2;0,64;0,41;0,66;0,4;2021-10-05 22:01:00
43,2;0,63;0,41;0,52;0,38;2021-10-05 22:31:00
43,2;0,62;0,41;0,58;0,4;2021-10-05 23:01:00
43,2;0,62;0,41;0,62;0,44;2021-10-05 23:31:00
43,2;0,64;0,42;0,6;0,41;2021-10-06 00:01:00
43,2;0,64;0,42;0,53;0,43;2021-10-06 00:31:00
43,2;0,63;0,42;0,7;0,44;2021-10-06 01:01:00
43,2;0,62;0,41;0,62;0,45;2021-10-06 01:31:00
43,2;0,64;0,4;0,61;0,44;2021-10-06 02:01:00
43,2;0,65;0,43;0,56;0,51;2021-10-06 02:31:00
43,2;0,66;0,44;0,59;0,5;2021-10-06 03:01:00
43,2;0,67;0,43;0,59;0,48;2021-10-06 03:31:00
43,2;0,66;0,44;0,68;0,52;2021-10-06 04:01:00
43,2;0,64;0,42;0,5;0,42;2021-10-06 04:31:00
43,2;0,64;0,44;0,65;0,46;2021-10-06 05:01:00
43,2;0,64;0,44;0,68;0,44;2021-10-06 05:31:00
43,2;0,63;0,43;0,62;0,47;2021-10-06 06:01:00
43,2;0,61;0,42;0,66;0,33;2021-10-06 06:31:00
43,2;0,64;0,44;0,64;0,39;2021-10-06 07:01:00
43,2;0,6;0,43;0,62;0,47;2021-10-06 07:31:00
43,2;0,62;0,43;0,58;0,46;2021-10-06 08:01:00
43,2;0,61;0,43;0,53;0,35;2021-10-06 08:31:00
43,2;0,62;0,42;0,6;0,47;2021-10-06 09:01:00
43,2;0,61;0,42;0,77;0,52;2021-10-06 09:31:00
43,2;0,62;0,41;0,64;0,37;2021-10-06 10:01:00
43,2;0,62;0,41;0,59;0,54;2021-10-06 10:31:00
43,2;0,61;0,4;0,61;0,41;2021-10-06 11:01:00
43,2;0,62;0,4;0,62;0,42;2021-10-06 11:31:00
43,2;0,62;0,4;0,67;0,42;2021-10-06 12:01:00
43,2;0,63;0,4;0,65;0,45;2021-10-06 12:31:00
43,2;0,62;0,41;0,51;0,51;2021-10-06 13:01:00
43,2;0,64;0,41;0,64;0,42;2021-10-06 13:31:00
43,2;0,63;0,41;0,55;0,4;2021-10-06 14:01:00
45,9;0,57;0,41;0,69;0,45;2021-10-06 14:32:00
45,9;0,58;0,41;0,69;0,52;2021-10-06 15:01:00
45,9;0,57;0,41;0,76;0,48;2021-10-06 15:31:00
45,9;0,57;0,41;0,65;0,55;2021-10-06 16:01:00
45,1;0,58;0,41;0,62;0,34;2021-10-06 16:31:00
45,1;0,57;0,41;0,75;0,5;2021-10-06 17:01:00
45,1;0,57;0,41;0,63;0,43;2021-10-06 17:32:00
45,1;0,58;0,41;0,67;0,42;2021-10-06 18:01:00
45,1;0,57;0,42;0,6;0,48;2021-10-06 18:32:00
45,1;0,56;0,41;0,65;0,57;2021-10-06 19:01:00
45,1;0,58;0,42;0,58;0,4;2021-10-06 19:31:00
42,5;0,66;0,44;0,75;0,45;2021-10-06 20:01:00
42,5;0,66;0,44;0,61;0,43;2021-10-06 20:31:00
42,5;0,66;0,44;0,72;0,44;2021-10-06 21:01:00
42,5;0,67;0,44;0,65;0,46;2021-10-06 21:31:00
42,5;0,69;0,45;0,64;0,46;2021-10-06 22:01:00
42,5;0,67;0,44;0,57;0,44;2021-10-06 22:31:00
42,5;0,69;0,44;0,79;0,44;2021-10-06 23:01:00
42,5;0,64;0,43;0,57;0,39;2021-10-07 00:01:00
42,5;0,67;0,43;0,84;0,4;2021-10-07 00:31:00
42,5;0,67;0,43;0,63;0,38;2021-10-07 01:01:00
42,5;0,67;0,43;0,61;0,51;2021-10-07 01:31:00
42,5;0,68;0,44;0,78;0,53;2021-10-07 02:01:00
42,5;0,69;0,43;0,75;0,47;2021-10-07 02:31:00
42,5;0,67;0,44;0,79;0,51;2021-10-07 03:01:00
42,5;0,66;0,43;0,61;0,51;2021-10-07 03:31:00
42,5;0,65;0,42;1;0,44;2021-10-07 04:01:00
42,5;0,67;0,44;0,68;0,49;2021-10-07 04:31:00
42,5;0,68;0,45;0,65;0,47;2021-10-07 05:01:00
42,5;0,68;0,44;0,71;0,5;2021-10-07 05:31:00
42,5;0,68;0,45;0,82;0,46;2021-10-07 06:01:00
42,5;0,66;0,44;0,69;0,41;2021-10-07 06:31:00
42,5;0,63;0,42;0,63;0,44;2021-10-07 07:01:00
42,5;0,65;0,43;0,63;0,52;2021-10-07 07:32:00
42,5;0,64;0,43;0,69;0,48;2021-10-07 08:01:00
42,5;0,64;0,42;0,47;0,39;2021-10-07 08:31:00
42,5;0,63;0,42;0,66;0,41;2021-10-07 09:01:00
42,5;0,64;0,43;0,67;0,39;2021-10-07 09:31:00
42,5;0,63;0,42;0,63;0,37;2021-10-07 10:01:00
42,5;0,62;0,41;0,69;0,45;2021-10-07 10:31:00
42,5;0,64;0,42;0,56;0,52;2021-10-07 11:01:00
42,5;0,63;0,42;0,54;0,49;2021-10-07 11:31:00
42,9;0,62;0,42;0,63;0,37;2021-10-07 14:31:00
42,9;0,63;0,41;0,51;0,44;2021-10-07 15:01:00
42,9;0,63;0,42;0,51;0,5;2021-10-07 15:32:00
42,9;0,65;0,42;0,65;0,42;2021-10-07 16:01:00
42,9;0,66;0,41;0,67;0,38;2021-10-07 16:31:00
42,9;0,66;0,44;0,59;0,42;2021-10-07 17:01:00
42,9;0,65;0,42;0,68;0,44;2021-10-07 17:31:00
42,9;0,65;0,44;0,59;0,42;2021-10-07 18:01:00
42,9;0,64;0,43;0,67;0,39;2021-10-07 18:31:00
42,9;0,65;0,44;0,62;0,36;2021-10-07 19:01:00
42,9;0,65;0,42;0,72;0,45;2021-10-07 19:31:00
42,9;0,65;0,43;0,59;0,52;2021-10-07 20:01:00
42,9;0,66;0,44;0,55;0,5;2021-10-07 20:31:00
42,9;0,64;0,43;0,65;0,43;2021-10-07 21:01:00
42,9;0,67;0,44;0,62;0,44;2021-10-07 21:31:00
42,9;0,68;0,44;0,51;0,37;2021-10-07 22:01:00
42,9;0,69;0,44;0,7;0,37;2021-10-07 22:31:00
42,9;0,68;0,44;0,55;0,41;2021-10-07 23:01:00
42,9;0,66;0,43;0,61;0,53;2021-10-07 23:31:00
42,9;0,66;0,43;0,57;0,4;2021-10-08 00:01:00
42,9;0,69;0,43;0,6;0,47;2021-10-08 00:31:00
42,9;0,67;0,43;0,51;0,52;2021-10-08 01:01:00
42,9;0,67;0,43;0,47;0,39;2021-10-08 01:31:00
42,9;0,67;0,44;0,63;0,45;2021-10-08 02:01:00
42,9;0,67;0,44;0,54;0,38;2021-10-08 02:31:00
42,9;0,67;0,43;0,44;0,41;2021-10-08 03:01:00
42,9;0,68;0,45;0,74;0,38;2021-10-08 03:31:00
42,9;0,68;0,44;0,52;0,37;2021-10-08 04:01:00
42,9;0,68;0,45;0,61;0,39;2021-10-08 04:31:00
42,9;0,68;0,43;0,58;0,42;2021-10-08 05:01:00
42,9;0,67;0,43;0,49;0,38;2021-10-08 05:31:00
43,2;0,64;0,42;0,69;0,54;2021-10-08 06:01:00
48,9;0,7;0,46;0,65;0,43;2021-10-08 06:31:00
48,9;0,65;0,46;0,67;0,4;2021-10-08 07:01:00
48,9;0,67;0,46;0,72;0,38;2021-10-08 07:31:00
48,9;0,65;0,44;0,74;0,53;2021-10-08 08:01:00
48,9;0,67;0,46;0,69;0,56;2021-10-08 08:31:00
48,9;0,64;0,45;0,66;0,61;2021-10-08 09:01:00
48,9;0,73;0,47;0,71;0,35;2021-10-08 09:31:00
48,9;0,73;0,47;0,75;0,42;2021-10-08 10:01:00
48,1;0,66;0,44;0,75;0,45;2021-10-08 10:31:00
48,1;0,66;0,45;0,91;0,38;2021-10-08 11:31:00
48,1;0,65;0,46;0,67;0,38;2021-10-08 12:01:00
48,1;0,65;0,44;0,77;0,47;2021-10-08 12:31:00
48,1;0,66;0,45;0,68;0,46;2021-10-08 13:01:00
48,1;0,69;0,45;0,7;0,5;2021-10-08 13:31:00
48,1;0,69;0,46;0,68;0,45;2021-10-08 14:01:00
48,1;0,69;0,46;0,78;0,31;2021-10-08 14:31:00
48,1;0,69;0,46;0,79;0,49;2021-10-08 15:01:00
48,1;0,69;0,46;0,76;0,42;2021-10-08 15:32:00
48,1;0,7;0,45;0,72;0,45;2021-10-08 16:01:00
48,1;0,69;0,45;0,86;0,38;2021-10-08 16:31:00
48,1;0,7;0,45;0,69;0,36;2021-10-08 17:01:00
48,1;0,68;0,45;0,83;0,47;2021-10-08 17:31:00
48,1;0,67;0,46;0,75;0,41;2021-10-08 18:01:00
48,1;0,67;0,45;0,78;0,38;2021-10-08 18:32:00
48,1;0,65;0,45;0,79;0,4;2021-10-08 19:01:00
48,1;0,66;0,45;0,81;0,42;2021-10-08 19:31:00
48,1;0,66;0,45;0,77;0,47;2021-10-08 20:01:00
48,1;0,63;0,45;0,69;0,64;2021-10-08 20:31:00
48,1;0,64;0,45;0,75;0,41;2021-10-08 21:01:00
48,1;0,65;0,45;0,75;0,38;2021-10-08 21:31:00
48,1;0,66;0,45;0,7;0,39;2021-10-08 22:01:00
48,1;0,65;0,45;0,75;0,42;2021-10-08 22:32:00
48,1;0,65;0,46;0,73;0,4;2021-10-08 23:01:00
48,1;0,64;0,45;0,76;0,38;2021-10-08 23:31:00
48,1;0,63;0,46;0,76;0,5;2021-10-09 00:01:00
48,1;0,64;0,46;0,66;0,48;2021-10-09 00:31:00
48,1;0,64;0,46;0,72;0,37;2021-10-09 01:01:00
48,1;0,64;0,45;0,64;0,35;2021-10-09 01:31:00
48,1;0,64;0,45;0,76;0,41;2021-10-09 02:01:00
48,1;0,64;0,45;0,72;0,39;2021-10-09 02:31:00
48,1;0,66;0,46;0,79;0,44;2021-10-09 03:01:00
48,1;0,65;0,46;0,87;0,57;2021-10-09 03:31:00
48,1;0,66;0,46;0,71;0,48;2021-10-09 04:01:00
48,1;0,65;0,45;0,77;0,54;2021-10-09 04:32:00
48,1;0,64;0,46;0,71;0,39;2021-10-09 05:01:00
48,1;0,64;0,44;0,75;0,5;2021-10-09 05:31:00
42,9;0,69;0,44;0,68;0,47;2021-10-09 06:01:00
42,9;0,69;0,43;0,65;0,5;2021-10-09 06:31:00
42,9;0,69;0,42;0,7;0,43;2021-10-09 07:01:00
42,9;0,65;0,42;0,71;0,41;2021-10-09 07:32:00
42,9;0,67;0,43;0,62;0,41;2021-10-09 08:01:00
42,9;0,65;0,43;0,61;0,47;2021-10-09 08:31:00
42,9;0,66;0,42;0,57;0,34;2021-10-09 09:01:00
42,9;0,66;0,43;0,56;0,5;2021-10-09 09:31:00
42,9;0,66;0,44;0,55;0,37;2021-10-09 10:01:00
42,9;0,66;0,44;0,81;0,42;2021-10-09 10:31:00
42,9;0,65;0,43;0,7;0,46;2021-10-09 11:01:00
42,9;0,65;0,43;0,64;0,42;2021-10-09 11:31:00
42,9;0,66;0,43;0,67;0,53;2021-10-09 12:01:00
38,4;0,82;0,46;0,42;0,44;2021-10-09 13:31:00
38,4;0,82;0,47;0,5;0,39;2021-10-09 15:01:00
38,4;0,79;0,42;0,64;0,42;2021-10-09 15:31:00
38,4;0,8;0,41;0,79;0,44;2021-10-09 16:01:00
38,4;0,78;0,41;0,62;0,32;2021-10-09 16:31:00
38,4;0,76;0,4;0,6;0,44;2021-10-09 17:01:00
38,4;0,75;0,4;0,55;0,44;2021-10-09 17:31:00
38,4;0,75;0,4;0,62;0,44;2021-10-09 18:01:00
38,4;0,76;0,41;0,57;0,46;2021-10-09 18:31:00
38,4;0,76;0,41;0,54;0,45;2021-10-09 19:01:00
38,4;0,76;0,41;0,64;0,5;2021-10-09 19:31:00
38,4;0,75;0,42;0,62;0,44;2021-10-09 20:01:00
38,4;0,75;0,42;0,62;0,4;2021-10-09 20:31:00
38,4;0,75;0,41;0,61;0,32;2021-10-09 21:01:00
38,4;0,75;0,41;0,47;0,37;2021-10-09 21:31:00
38,4;0,73;0,41;0,56;0,4;2021-10-09 22:01:00
38,4;0,73;0,41;0,49;0,36;2021-10-09 22:31:00
38,4;0,74;0,41;0,58;0,45;2021-10-09 23:01:00
38,4;0,74;0,41;0,5;0,38;2021-10-09 23:31:00
38,4;0,73;0,41;0,56;0,37;2021-10-10 00:01:00
38,4;0,74;0,41;0,46;0,38;2021-10-10 00:31:00
38,4;0,71;0,4;0,54;0,47;2021-10-10 01:01:00
38,4;0,72;0,4;0,57;0,52;2021-10-10 01:31:00
38,4;0,72;0,4;0,54;0,41;2021-10-10 02:01:00
38,4;0,73;0,41;0,5;0,41;2021-10-10 02:31:00
38,4;0,72;0,41;0,52;0,41;2021-10-10 03:01:00
38,4;0,71;0,41;0,57;0,4;2021-10-10 03:31:00
38,4;0,7;0,41;0,59;0,39;2021-10-10 04:01:00
38,4;0,7;0,4;0,54;0,48;2021-10-10 04:31:00
38,4;0,69;0,41;0,65;0,47;2021-10-10 05:01:00
38,4;0,67;0,4;0,5;0,52;2021-10-10 05:31:00
38,4;0,68;0,41;0,64;0,41;2021-10-10 06:01:00
40,2;0,65;0,49;0,61;0,44;2021-10-13 17:01:00
40,2;0,73;0,48;0,55;0,34;2021-10-13 17:31:00
40,2;0,77;0,48;0,54;0,56;2021-10-13 18:01:00
40,2;0,81;0,49;0,55;0,46;2021-10-13 18:31:00
40,2;0,82;0,48;0,45;0,4;2021-10-13 19:02:00
40,2;0,85;0,47;0,5;0,48;2021-10-13 19:31:00
40,2;0,85;0,47;0,51;0,45;2021-10-13 20:01:00
40,2;0,85;0,46;0,45;0,44;2021-10-13 20:31:00
40,2;0,84;0,45;0,61;0,5;2021-10-13 21:01:00
40,2;0,8;0,45;0,57;0,45;2021-10-13 21:31:00
40,2;0,88;0,47;0,52;0,49;2021-10-13 22:01:00
42,9;0,67;0,45;0,55;0,46;2021-10-13 22:32:00
42,9;0,67;0,45;0,44;0,43;2021-10-13 23:01:00
41,8;0,72;0,44;0,5;0,41;2021-10-13 23:31:00
41,8;0,74;0,46;0,57;0,39;2021-10-14 00:01:00
41,8;0,75;0,47;0,54;0,42;2021-10-14 00:31:00
41,8;0,76;0,47;0,55;0,37;2021-10-14 01:01:00
41,8;0,77;0,47;0,51;0,42;2021-10-14 01:31:00
41,8;0,77;0,48;0,62;0,47;2021-10-14 02:01:00
41,8;0,78;0,47;0,48;0,43;2021-10-14 03:01:00
41,8;0,77;0,47;0,64;0,38;2021-10-14 03:32:00
41,8;0,78;0,47;0,64;0,47;2021-10-14 04:01:00
41,8;0,79;0,48;0,63;0,44;2021-10-14 04:31:00
41,8;0,79;0,48;0,74;0,4;2021-10-14 05:01:00
43,2;0,67;0,47;0,61;0,49;2021-10-14 05:31:00
43,2;0,66;0,46;0,5;0,36;2021-10-14 06:01:00
43,2;0,62;0,46;0,51;0,46;2021-10-14 06:31:00
43,2;0,62;0,45;0,47;0,34;2021-10-14 07:01:00
43,2;0,64;0,47;0,48;0,56;2021-10-14 07:31:00
43,2;0,66;0,46;0,57;0,41;2021-10-14 08:01:00
43,2;0,64;0,47;0,53;0,4;2021-10-14 08:31:00
43,2;0,64;0,47;0,63;0,38;2021-10-14 09:01:00
43,2;0,66;0,47;0,57;0,36;2021-10-14 09:31:00
43,2;0,68;0,48;0,5;0,35;2021-10-14 10:02:00
43,2;0,69;0,47;0,48;0,33;2021-10-14 10:31:00
43,2;0,67;0,46;0,54;0,38;2021-10-14 11:01:00
43,2;0,68;0,46;0,62;0,3;2021-10-14 11:31:00
43,2;0,68;0,45;0,6;0,38;2021-10-14 12:01:00
43,2;0,71;0,46;0,57;0,35;2021-10-14 12:31:00
43,2;0,72;0,47;0,54;0,36;2021-10-14 13:01:00
43,2;0,75;0,46;0,53;0,47;2021-10-14 13:31:00
43,2;0,73;0,46;0,67;0,39;2021-10-14 14:01:00
43,2;0,71;0,46;0,57;0,36;2021-10-14 14:31:00
43,2;0,71;0,45;0,46;0,34;2021-10-14 15:01:00
43,2;0,71;0,45;0,6;0,48;2021-10-14 15:31:00
43,2;0,71;0,46;0,58;0,43;2021-10-14 16:01:00
43,2;0,7;0,45;0,52;0,39;2021-10-14 16:31:00
43,2;0,71;0,46;0,54;0,43;2021-10-14 17:01:00
48,1;0,59;0,44;0,74;0,49;2021-10-14 17:31:00
48,1;0,57;0,43;0,76;0,54;2021-10-14 18:01:00
48,1;0,59;0,44;0,67;0,51;2021-10-14 18:31:00
48,1;0,6;0,44;0,76;0,39;2021-10-14 19:01:00
48,1;0,62;0,46;0,62;0,56;2021-10-14 19:31:00
48,1;0,62;0,45;0,55;0,46;2021-10-14 20:01:00
48,1;0,62;0,45;0,62;0,46;2021-10-14 20:31:00
48,1;0,59;0,45;0,74;0,46;2021-10-14 21:01:00
42,5;0,65;0,45;0,55;0,37;2021-10-14 21:31:00
42,5;0,69;0,46;0,66;0,51;2021-10-14 22:01:00
42,5;0,71;0,46;0,54;0,32;2021-10-14 22:32:00
42,5;0,71;0,47;0,58;0,34;2021-10-14 23:01:00
44,4;0,64;0,46;0,6;0,33;2021-10-14 23:31:00
44,4;0,65;0,47;0,7;0,44;2021-10-15 00:01:00
44,4;0,67;0,47;0,7;0,46;2021-10-15 00:31:00
45,1;0,64;0,47;0,69;0,42;2021-10-15 01:01:00
46,2;0,63;0,47;0,75;0,43;2021-10-15 01:31:00
46,2;0,65;0,47;0,54;0,51;2021-10-15 02:01:00
46,2;0,65;0,47;0,62;0,37;2021-10-15 02:31:00
46,2;0,65;0,47;0,56;0,41;2021-10-15 03:01:00
46,2;0,63;0,46;0,66;0,35;2021-10-15 03:31:00
50;0,68;0,5;0,96;0,5;2021-10-15 04:31:00
50;0,7;0,52;0,84;0,51;2021-10-15 05:01:00
50;0,65;0,5;0,83;0,48;2021-10-15 05:31:00
50;0,69;0,5;0,89;0,39;2021-10-15 06:01:00
50;0,71;0,5;0,81;0,41;2021-10-15 06:31:00
50;0,7;0,5;1,05;0,48;2021-10-15 07:01:00
50;0,68;0,49;0,89;0,57;2021-10-15 07:31:00
50;0,69;0,5;1,01;0,59;2021-10-15 08:01:00
50;0,69;0,5;1,03;0,5;2021-10-15 08:31:00
50;0,74;0,51;0,83;0,51;2021-10-15 09:01:00
50;0,7;0,51;0,83;0,57;2021-10-15 09:31:00
50;0,69;0,5;0,93;0,47;2021-10-15 10:02:00
50;0,68;0,49;0,91;0,49;2021-10-15 10:31:00
50;0,69;0,5;0,9;0,48;2021-10-15 11:01:00
50;0,73;0,49;0,85;0,44;2021-10-15 11:31:00
50;0,71;0,49;1,02;0,49;2021-10-15 12:01:00
50;0,7;0,49;0,95;0,53;2021-10-15 12:32:00
50;0,7;0,48;0,97;0,45;2021-10-15 13:02:00
50;0,69;0,47;0,91;0,48;2021-10-15 13:31:00
50;0,75;0,48;0,8;0,47;2021-10-15 14:01:00
50;0,74;0,47;0,91;0,5;2021-10-15 14:31:00
50;0,73;0,47;1,02;0,46;2021-10-15 15:01:00
50;0,74;0,48;0,84;0,47;2021-10-15 15:31:00
50;0,74;0,47;1,04;0,54;2021-10-15 16:02:00
50;0,74;0,47;0,69;0,58;2021-10-15 16:31:00
50;0,74;0,47;0,91;0,66;2021-10-15 17:01:00
50;0,74;0,47;0,9;0,44;2021-10-15 17:31:00
50;0,72;0,48;0,85;0,45;2021-10-15 18:01:00
50;0,68;0,49;0,88;0,56;2021-10-15 18:31:00
50;0,69;0,48;1,03;1,08;2021-10-15 19:01:00
50;0,71;0,49;0,91;0,52;2021-10-15 19:31:00
50;0,69;0,48;0,88;0,52;2021-10-15 20:01:00
50;0,7;0,5;0,91;0,57;2021-10-15 20:31:00
50;0,71;0,49;0,91;0,53;2021-10-15 21:01:00
50;0,71;0,49;0,94;0,58;2021-10-15 21:31:00
50;0,71;0,49;1,26;0,57;2021-10-15 22:01:00
50;0,72;0,49;1,09;0,64;2021-10-15 22:31:00
50;0,72;0,49;0,88;0,49;2021-10-15 23:01:00
50;0,72;0,49;1,08;0,58;2021-10-15 23:31:00
50;0,7;0,5;0,92;0,47;2021-10-16 00:01:00
50;0,71;0,49;1,05;0,53;2021-10-16 00:31:00
50;0,73;0,48;0,95;0,49;2021-10-16 01:01:00
50;0,71;0,49;1,06;0,46;2021-10-16 01:31:00
50;0,72;0,49;1;1,13;2021-10-16 02:01:00
50;0,71;0,49;1,03;1,53;2021-10-16 02:31:00
50;0,74;0,49;1,01;0,56;2021-10-16 03:01:00
50;0,74;0,49;1,01;0,89;2021-10-16 03:32:00
50;0,75;0,49;0,95;0,57;2021-10-16 04:01:00
50;0,74;0,49;1,17;0,5;2021-10-16 04:32:00
50;0,71;0,48;1,05;0,57;2021-10-16 05:02:00
50;0,74;0,49;1,14;0,83;2021-10-16 05:31:00
50;0,69;0,49;0,9;0,48;2021-10-16 06:01:00
50;0,74;0,5;1,02;0,64;2021-10-16 06:31:00
50;0,7;0,49;1,06;0,64;2021-10-16 07:01:00
50;0,74;0,5;0,79;0,52;2021-10-16 07:31:00
50;0,76;0,49;1,08;0,69;2021-10-16 08:01:00
50;0,76;0,49;0,96;0,64;2021-10-16 08:31:00
50;0,75;0,49;0,97;0,77;2021-10-16 09:01:00
50;0,72;0,48;0,72;0,75;2021-10-16 09:31:00
50;0,7;0,47;0,99;0,5;2021-10-16 10:01:00
50;0,74;0,48;1,08;0,55;2021-10-16 10:31:00
50;0,71;0,47;0,91;0,61;2021-10-16 11:01:00
44,4;0,62;0,42;0,72;0,46;2021-10-16 11:31:00
44,4;0,61;0,42;0,73;0,45;2021-10-16 12:01:00
44,4;0,64;0,44;0,58;0,41;2021-10-16 12:31:00
44,4;0,65;0,44;0,51;0,43;2021-10-16 13:01:00
44,4;0,65;0,44;0,78;0,5;2021-10-16 13:32:00
44,4;0,63;0,43;0,73;0,37;2021-10-16 14:01:00
44,4;0,62;0,42;0,65;0,32;2021-10-16 14:31:00
44,4;0,62;0,42;0,64;0,54;2021-10-16 15:01:00
44,4;0,61;0,43;0,56;0,34;2021-10-16 15:31:00
44,4;0,62;0,43;0,62;0,46;2021-10-16 16:02:00
44,4;0,62;0,43;0,62;0,48;2021-10-16 16:33:00
44,4;0,62;0,43;0,55;0,54;2021-10-16 17:02:00
44,4;0,63;0,43;0,57;0,35;2021-10-16 17:33:00
44,4;0,61;0,43;0,59;0,43;2021-10-16 18:03:00
44,4;0,58;0,42;0,64;0,39;2021-10-16 18:35:00
44,4;0,61;0,43;0,55;0,4;2021-10-16 19:03:00
44,4;0,6;0,43;0,55;0,49;2021-10-16 19:33:00
44,4;0,6;0,44;0,57;0,42;2021-10-16 20:03:00
44,4;0,61;0,44;0,63;0,42;2021-10-16 20:34:00
44,4;0,6;0,45;0,71;0,43;2021-10-16 21:03:00
44,4;0,61;0,46;0,62;0,46;2021-10-16 21:33:00
44,4;0,63;0,46;0,64;0,56;2021-10-16 22:02:00
44,4;0,63;0,46;0,77;0,45;2021-10-16 23:02:00
44,4;0,63;0,46;0,69;0,47;2021-10-16 23:31:00
44,4;0,63;0,47;0,59;0,45;2021-10-17 00:06:00
44,4;0,64;0,47;0,69;0,43;2021-10-17 00:35:00
44,4;0,64;0,47;0,57;0,41;2021-10-17 01:03:00
44,4;0,65;0,46;0,57;0,32;2021-10-17 01:33:00
44,4;0,63;0,46;0,63;0,41;2021-10-17 02:02:00
44,4;0,62;0,45;0,62;0,44;2021-10-17 02:32:00
44,4;0,63;0,46;0,67;0,48;2021-10-17 03:33:00
44,4;0,64;0,46;0,75;0,46;2021-10-17 04:02:00
44,4;0,64;0,46;0,63;0,57;2021-10-17 04:31:00
44,4;0,64;0,46;0,62;0,36;2021-10-17 05:02:00
44,4;0,66;0,47;0,46;0,36;2021-10-17 05:33:00
44,4;0,65;0,47;0,58;0,4;2021-10-17 06:03:00
44,4;0,65;0,46;0,68;0,4;2021-10-17 06:33:00
44,4;0,62;0,45;0,73;0,38;2021-10-17 07:02:00
44,4;0,65;0,46;0,72;0,42;2021-10-17 07:34:00
44,4;0,64;0,46;0,79;0,46;2021-10-17 08:03:00
44,4;0,64;0,47;0,74;0,46;2021-10-17 08:32:00
44,4;0,63;0,46;0,57;0,46;2021-10-17 09:33:00
44,4;0,61;0,44;0,56;0,36;2021-10-17 10:03:00
44,4;0,6;0,44;0,62;0,42;2021-10-17 10:33:00
44,4;0,61;0,42;0,65;0,44;2021-10-17 11:03:00
44,4;0,63;0,42;0,52;0,38;2021-10-17 12:02:00
44,4;0,62;0,44;0,57;0,41;2021-10-17 12:34:00
44,4;0,64;0,44;0,5;0,44;2021-10-17 13:03:00
44,4;0,63;0,44;0,64;0,46;2021-10-17 13:33:00
44,4;0,65;0,43;0,62;0,62;2021-10-17 14:03:00
44,4;0,64;0,43;0,63;0,37;2021-10-17 14:32:00
44,4;0,64;0,43;0,61;0,39;2021-10-17 15:03:00
44,4;0,64;0,43;0,71;0,4;2021-10-17 15:34:00
44,4;0,62;0,42;0,66;0,36;2021-10-17 17:03:00
44,4;0,62;0,41;0,61;0,34;2021-10-17 17:33:00
44,4;0,63;0,43;0,73;0,53;2021-10-17 20:02:00
43,2;0,69;0,46;0,72;0,45;2021-10-17 20:32:00
43,2;0,69;0,45;0,6;0,44;2021-10-17 21:32:00
44,4;0,63;0,46;0,65;0,41;2021-10-17 22:02:00
44,4;0,62;0,44;0,53;0,39;2021-10-17 23:03:00
44,4;0,63;0,44;0,6;0,34;2021-10-18 00:02:00
44,4;0,63;0,45;0,56;0,49;2021-10-18 01:04:00
44,4;0,62;0,45;0,67;0,45;2021-10-18 03:03:00
44,4;0,63;0,45;0,64;0,43;2021-10-18 03:31:00
44,4;0,61;0,44;0,9;0,5;2021-10-18 04:02:00
44,4;0,63;0,44;0,67;0,44;2021-10-18 05:32:00
44,4;0,63;0,44;0,57;0,47;2021-10-18 06:03:00
47,4;0,62;0,44;0,83;0,43;2021-10-18 19:04:00
47,4;0,64;0,44;0,85;0,55;2021-10-18 19:32:00
47,4;0,59;0,42;0,8;0,53;2021-10-18 20:06:00
47,4;0,6;0,43;0,78;0,58;2021-10-18 20:35:00
47,4;0,59;0,42;0,7;0,55;2021-10-18 23:08:00
46,2;0,61;0,44;0,53;0,47;2021-10-18 23:40:00
46,2;0,62;0,45;0,67;0,46;2021-10-19 00:13:00
46,2;0,61;0,45;0,7;0,38;2021-10-19 00:37:00
42,5;0,72;0,46;0,59;0,44;2021-10-19 01:39:00
42,5;0,75;0,47;0,67;0,46;2021-10-19 02:05:00
42,5;0,73;0,46;0,55;0,51;2021-10-19 03:37:00
42,5;0,73;0,46;0,59;0,42;2021-10-19 05:12:00
42,5;0,71;0,44;0,55;0,53;2021-10-19 08:50:00
42,5;0,71;0,46;0,5;0,38;2021-10-19 09:14:00
42,5;0,69;0,44;0,5;0,38;2021-10-19 10:11:00
42,5;0,66;0,43;0,64;0,44;2021-10-19 11:03:00
50;0,73;0,47;0,91;0,54;2021-10-27 16:31:00
50;0,75;0,48;0,85;0,49;2021-10-27 17:01:00
50;0,73;0,48;0,91;0,42;2021-10-27 17:31:00
50;0,72;0,48;1,12;0,53;2021-10-27 18:01:00
50;0,7;0,49;1,06;0,68;2021-10-27 18:31:00
50;0,73;0,49;0,93;0,57;2021-10-27 19:01:00
50;0,7;0,5;0,84;0,73;2021-10-27 19:31:00
50;0,69;0,5;1,02;1,42;2021-10-27 20:01:00
50;0,68;0,5;0,9;0,66;2021-10-27 20:31:00
50;0,69;0,5;1,09;0,95;2021-10-27 21:01:00
50;0,69;0,49;0,75;0,62;2021-10-27 21:31:00
50;0,66;0,48;0,77;0,66;2021-10-27 22:01:00
50;0,67;0,49;0,88;0,43;2021-10-27 22:31:00
50;0,68;0,49;0,87;0,45;2021-10-27 23:01:00
50;0,67;0,49;0,83;0,46;2021-10-27 23:31:00
50;0,68;0,5;0,84;0,5;2021-10-28 00:01:00
50;0,7;0,5;0,83;0,47;2021-10-28 00:31:00
50;0,68;0,5;0,81;1,14;2021-10-28 01:01:00
50;0,68;0,49;0,82;0,48;2021-10-28 01:31:00
50;0,69;0,48;0,83;0,88;2021-10-28 02:01:00
50;0,69;0,5;0,91;0,51;2021-10-28 02:31:00
50;0,69;0,5;1;0,55;2021-10-28 03:01:00
50;0,7;0,49;0,93;0,56;2021-10-28 03:31:00
50;0,69;0,49;0,75;0,47;2021-10-28 04:01:00
50;0,66;0,49;0,82;0,65;2021-10-28 04:31:00
50;0,68;0,49;0,67;0,69;2021-10-28 05:01:00
50;0,69;0,49;0,93;0,7;2021-10-28 05:31:00
50;0,67;0,49;0,9;0,56;2021-10-28 06:01:00
50;0,69;0,5;0,85;0,56;2021-10-28 06:31:00
50;0,69;0,5;0,91;0,45;2021-10-28 07:01:00
50;0,64;0,5;0,88;0,45;2021-10-28 07:31:00
50;0,67;0,5;1,13;0,67;2021-10-28 08:01:00
50;0,72;0,5;0,88;0,65;2021-10-28 08:31:00
50;0,72;0,5;1,02;0,59;2021-10-28 09:01:00
50;0,71;0,5;0,84;0,5;2021-10-28 09:31:00
50;0,73;0,5;0,95;0,49;2021-10-28 10:01:00
50;0,71;0,49;0,89;0,6;2021-10-28 10:31:00
50;0,72;0,49;0,88;0,5;2021-10-28 11:01:00
50;0,73;0,5;0,84;0,54;2021-10-28 11:31:00
50;0,7;0,49;0,89;0,47;2021-10-28 12:01:00
50;0,72;0,48;0,77;0,72;2021-10-28 12:31:00
50;0,72;0,48;0,78;0,5;2021-10-28 13:01:00
50;0,74;0,46;0,96;0,41;2021-10-28 13:31:00
50;0,72;0,48;0,85;0,47;2021-10-28 14:01:00
50;0,71;0,47;0,81;0,5;2021-10-28 14:31:00
50;0,71;0,47;0,83;0,52;2021-10-28 15:01:00
44,8;0,64;0,43;0,58;0,38;2021-10-28 15:31:00
44,8;0,63;0,43;0,59;0,39;2021-10-28 16:01:00
44,8;0,62;0,43;0,66;0,49;2021-10-28 16:31:00
44,8;0,65;0,44;0,54;0,43;2021-10-28 17:01:00
44,8;0,64;0,44;0,67;0,41;2021-10-28 17:31:00
45,9;0,62;0,45;0,58;0,47;2021-10-28 18:01:00
45,9;0,59;0,43;0,73;0,41;2021-10-28 18:31:00
45,9;0,61;0,44;0,71;0,41;2021-10-28 19:01:00
45,9;0,62;0,45;0,67;0,48;2021-10-28 19:31:00
45,9;0,62;0,45;0,63;0,51;2021-10-28 20:01:00
45,9;0,62;0,45;0,75;0,42;2021-10-28 20:31:00
45,9;0,63;0,45;0,64;0,44;2021-10-28 21:01:00
50;0,67;0,48;0,68;0,83;2021-10-28 21:31:00
50;0,68;0,49;0,82;0,66;2021-10-28 22:01:00
50;0,66;0,49;0,86;0,62;2021-10-28 22:31:00
50;0,69;0,5;0,83;0,5;2021-10-28 23:02:00
48,1;0,64;0,44;0,59;0,46;2021-10-28 23:31:00
48,1;0,62;0,44;0,78;0,51;2021-10-29 00:01:00
48,1;0,61;0,43;0,73;0,44;2021-10-29 00:31:00
48,1;0,65;0,45;0,82;0,44;2021-10-29 01:02:00
48,1;0,61;0,44;0,64;0,42;2021-10-29 01:31:00
48,1;0,63;0,44;0,81;0,45;2021-10-29 02:01:00
48,1;0,62;0,43;0,96;0,54;2021-10-29 02:31:00
48,1;0,64;0,44;0,75;0,49;2021-10-29 03:01:00
48,1;0,63;0,44;0,84;0,41;2021-10-29 03:31:00
48,1;0,64;0,44;0,69;0,42;2021-10-29 04:01:00
48,1;0,63;0,44;0,95;0,5;2021-10-29 04:31:00
48,1;0,63;0,45;0,81;0,41;2021-10-29 05:01:00
48,1;0,63;0,44;0,71;0,46;2021-10-29 05:31:00
48,1;0,63;0,45;0,88;0,41;2021-10-29 06:01:00
48,1;0,65;0,45;0,84;0,8;2021-10-29 06:31:00
48,1;0,64;0,45;0,87;0,5;2021-10-29 07:02:00
48,1;0,64;0,46;0,74;0,51;2021-10-29 07:31:00
48,1;0,66;0,46;0,85;0,44;2021-10-29 08:01:00
48,1;0,65;0,46;0,88;0,54;2021-10-29 09:01:00
48,1;0,62;0,44;0,73;0,41;2021-10-29 09:31:00
48,1;0,64;0,44;0,86;0,46;2021-10-29 10:01:00
48,1;0,63;0,44;0,86;0,59;2021-10-29 10:31:00
48,1;0,61;0,44;0,69;0,46;2021-10-29 11:01:00
48,1;0,6;0,43;0,87;0,52;2021-10-29 12:01:00
48,1;0,61;0,43;0,94;0,5;2021-10-29 12:32:00
48,1;0,61;0,43;0,81;0,58;2021-10-29 13:01:00
48,1;0,63;0,43;0,81;0,46;2021-10-29 13:31:00
48,1;0,63;0,42;0,68;0,5;2021-10-29 14:32:00
48,1;0,6;0,42;0,8;0,61;2021-10-29 15:01:00
50;0,71;0,46;0,72;0,44;2021-10-29 15:31:00
50;0,73;0,47;0,71;0,58;2021-10-29 16:01:00
50;0,73;0,48;0,98;0,48;2021-10-29 16:31:00
50;0,73;0,48;0,85;0,55;2021-10-29 17:01:00
50;0,73;0,48;0,81;0,53;2021-10-29 17:31:00
50;0,69;0,49;0,92;0,47;2021-10-29 18:01:00
50;0,71;0,49;0,9;0,46;2021-10-29 18:31:00
50;0,71;0,49;0,87;0,46;2021-10-29 19:01:00
50;0,71;0,5;0,8;0,46;2021-10-29 19:31:00
50;0,7;0,5;0,74;0,48;2021-10-29 20:02:00
50;0,7;0,49;0,86;0,47;2021-10-29 20:31:00
50;0,69;0,5;0,89;0,51;2021-10-29 21:01:00
50;0,7;0,5;0,71;1,26;2021-10-29 21:31:00
50;0,68;0,49;0,83;0,8;2021-10-29 22:01:00
50;0,69;0,49;0,78;0,47;2021-10-29 22:31:00
50;0,69;0,49;0,79;0,52;2021-10-29 23:01:00
50;0,68;0,49;0,88;0,5;2021-10-29 23:31:00
50;0,69;0,5;0,93;0,53;2021-10-30 00:01:00
50;0,66;0,49;0,77;0,42;2021-10-30 00:31:00
50;0,66;0,49;0,89;0,53;2021-10-30 01:02:00
50;0,69;0,48;1,09;0,6;2021-10-30 02:08:00
50;0,69;0,49;0,83;0,78;2021-10-30 03:06:00
50;0,67;0,49;0,96;2,73;2021-10-30 04:04:00
50;0,67;0,5;0,87;0,62;2021-10-30 04:34:00
50;0,7;0,5;0,7;0,73;2021-10-30 05:07:00
50;0,71;0,49;0,96;1,12;2021-10-30 06:36:00
50;0,7;0,5;0,85;0,67;2021-10-30 07:05:00
41,8;0,71;0,45;0,67;0,5;2021-11-08 18:24:00
48,1;0,63;0,45;0,7;0,58;2021-11-09 15:01:00
50;0,65;0,51;0,75;0,5;2021-11-10 17:31:00
50;0,7;0,5;0,83;0,48;2021-11-10 18:31:00
50;0,69;0,5;0,69;0,65;2021-11-10 19:01:00
50;0,68;0,5;0,7;0,46;2021-11-10 19:31:00
50;0,69;0,49;0,81;0,74;2021-11-10 20:08:00
50;0,69;0,5;0,81;0,53;2021-11-10 21:21:00
50;0,69;0,5;0,77;0,43;2021-11-11 00:52:00
50;0,7;0,51;0,78;0,4;2021-11-11 09:31:00
50;0,72;0,48;0,87;0,49;2021-11-11 10:02:00
50;0,69;0,5;0,78;0,44;2021-11-11 10:31:00
50;0,72;0,49;0,78;0,52;2021-11-11 12:02:00
50;0,71;0,49;0,83;0,46;2021-11-11 12:25:00
50;0,71;0,48;0,77;0,43;2021-11-11 12:26:00
50;0,71;0,49;0,94;0,62;2021-11-11 17:01:00
50;0,69;0,5;1,05;0,46;2021-11-11 17:31:00
50;0,69;0,5;0,98;0,53;2021-11-11 18:01:00
50;0,67;0,5;0,92;0,56;2021-11-11 18:31:00
50;0,67;0,5;0,72;0,64;2021-11-11 19:01:00
50;0,7;0,5;0,83;0,47;2021-11-11 19:31:00
50;0,68;0,5;1;0,57;2021-11-11 20:01:00
50;0,65;0,5;0,88;0,57;2021-11-11 20:31:00
50;0,68;0,5;0,82;0,86;2021-11-11 21:01:00
50;0,71;0,5;0,78;1,25;2021-11-11 21:31:00
50;0,7;0,5;0,76;0,57;2021-11-11 22:01:00
50;0,67;0,5;0,86;0,45;2021-11-11 22:31:00
47,4;0,6;0,44;0,87;0,52;2021-11-12 15:31:00
47,4;0,61;0,43;0,75;0,53;2021-11-12 16:31:00
47,4;0,6;0,43;0,82;0,46;2021-11-12 17:01:00
47,4;0,58;0,43;0,65;0,4;2021-11-12 17:31:00
47,4;0,59;0,43;0,78;0,4;2021-11-12 18:01:00
47,4;0,57;0,43;0,83;0,41;2021-11-12 18:31:00
44,4;0,61;0,45;0,62;0,39;2021-11-12 19:01:00
50;0,65;0,48;0,96;0,53;2021-11-13 02:09:00
44;0,63;0,45;0,64;0,38;2021-11-13 11:31:00
44;0,62;0,46;0,67;0,37;2021-11-13 12:31:00
